survey_id,question_id,answer_id,measure_id,question_label,answer_label,measure_label,indicator,factor,min,max,score
e3cb68a7-8751-4924-86ab-7f39ef1b27e0,c44a75de-8324-44d4-9a00-8113f7c2702b,b8649da4-8582-41ac-9e2b-7171602b50b0,631f0ce2-c57a-4905-b512-4c8f8834d8b0,J'ai exercé un métier en lien avec le diplôme,"Oui, j'en ai même exercé plusieurs en lien avec le diplôme",aisance_numerique,profile,1,0,5,
e3cb68a7-8751-4924-86ab-7f39ef1b27e0,c44a75de-8324-44d4-9a00-8113f7c2702b,b8649da4-8582-41ac-9e2b-7171602b50b0,500fec05-d255-4799-bb97-8dac12ea17db,J'ai exercé un métier en lien avec le diplôme,"Oui, j'en ai même exercé plusieurs en lien avec le diplôme",confiance,profile,2,0,18,
e3cb68a7-8751-4924-86ab-7f39ef1b27e0,c44a75de-8324-44d4-9a00-8113f7c2702b,b8649da4-8582-41ac-9e2b-7171602b50b0,b88c9e7f-363a-4ef3-8794-760d28e5783e,J'ai exercé un métier en lien avec le diplôme,"Oui, j'en ai même exercé plusieurs en lien avec le diplôme",confiance_extrinseque,profile,1,0,5,
e3cb68a7-8751-4924-86ab-7f39ef1b27e0,c44a75de-8324-44d4-9a00-8113f7c2702b,b8649da4-8582-41ac-9e2b-7171602b50b0,738bb852-8cd5-417d-a183-697ee5bf3fd9,J'ai exercé un métier en lien avec le diplôme,"Oui, j'en ai même exercé plusieurs en lien avec le diplôme",disponibilite,obtainment,3,0,5,
e3cb68a7-8751-4924-86ab-7f39ef1b27e0,c44a75de-8324-44d4-9a00-8113f7c2702b,b8649da4-8582-41ac-9e2b-7171602b50b0,9ec7becf-53bb-4142-ac36-45d56d33e8d0,J'ai exercé un métier en lien avec le diplôme,"Oui, j'en ai même exercé plusieurs en lien avec le diplôme",experience,obtainment,5,0,13,5
e3cb68a7-8751-4924-86ab-7f39ef1b27e0,c44a75de-8324-44d4-9a00-8113f7c2702b,b8649da4-8582-41ac-9e2b-7171602b50b0,4d97080a-8c1f-49d6-8e06-e959b7ac0883,J'ai exercé un métier en lien avec le diplôme,"Oui, j'en ai même exercé plusieurs en lien avec le diplôme",motivation_intrinseque,profile,5,0,25,
e3cb68a7-8751-4924-86ab-7f39ef1b27e0,c44a75de-8324-44d4-9a00-8113f7c2702b,43b6807f-47dc-463f-8f64-3c23ddf70d1d,631f0ce2-c57a-4905-b512-4c8f8834d8b0,J'ai exercé un métier en lien avec le diplôme,"Oui, j'ai exercé une fois ce métier pendant assez longtemps",aisance_numerique,profile,1,0,5,
e3cb68a7-8751-4924-86ab-7f39ef1b27e0,c44a75de-8324-44d4-9a00-8113f7c2702b,43b6807f-47dc-463f-8f64-3c23ddf70d1d,500fec05-d255-4799-bb97-8dac12ea17db,J'ai exercé un métier en lien avec le diplôme,"Oui, j'ai exercé une fois ce métier pendant assez longtemps",confiance,profile,2,0,18,
e3cb68a7-8751-4924-86ab-7f39ef1b27e0,c44a75de-8324-44d4-9a00-8113f7c2702b,43b6807f-47dc-463f-8f64-3c23ddf70d1d,b88c9e7f-363a-4ef3-8794-760d28e5783e,J'ai exercé un métier en lien avec le diplôme,"Oui, j'ai exercé une fois ce métier pendant assez longtemps",confiance_extrinseque,profile,1,0,5,
e3cb68a7-8751-4924-86ab-7f39ef1b27e0,c44a75de-8324-44d4-9a00-8113f7c2702b,43b6807f-47dc-463f-8f64-3c23ddf70d1d,738bb852-8cd5-417d-a183-697ee5bf3fd9,J'ai exercé un métier en lien avec le diplôme,"Oui, j'ai exercé une fois ce métier pendant assez longtemps",disponibilite,obtainment,3,0,5,
e3cb68a7-8751-4924-86ab-7f39ef1b27e0,c44a75de-8324-44d4-9a00-8113f7c2702b,43b6807f-47dc-463f-8f64-3c23ddf70d1d,9ec7becf-53bb-4142-ac36-45d56d33e8d0,J'ai exercé un métier en lien avec le diplôme,"Oui, j'ai exercé une fois ce métier pendant assez longtemps",experience,obtainment,5,0,13,4
e3cb68a7-8751-4924-86ab-7f39ef1b27e0,c44a75de-8324-44d4-9a00-8113f7c2702b,43b6807f-47dc-463f-8f64-3c23ddf70d1d,4d97080a-8c1f-49d6-8e06-e959b7ac0883,J'ai exercé un métier en lien avec le diplôme,"Oui, j'ai exercé une fois ce métier pendant assez longtemps",motivation_intrinseque,profile,5,0,25,
e3cb68a7-8751-4924-86ab-7f39ef1b27e0,c44a75de-8324-44d4-9a00-8113f7c2702b,001c9384-b933-48d9-8e2d-c9e4dcc1a8a6,631f0ce2-c57a-4905-b512-4c8f8834d8b0,J'ai exercé un métier en lien avec le diplôme,"Oui, j'ai exercé ce métier une fois mais pendant peu de temps",aisance_numerique,profile,1,0,5,
e3cb68a7-8751-4924-86ab-7f39ef1b27e0,c44a75de-8324-44d4-9a00-8113f7c2702b,001c9384-b933-48d9-8e2d-c9e4dcc1a8a6,500fec05-d255-4799-bb97-8dac12ea17db,J'ai exercé un métier en lien avec le diplôme,"Oui, j'ai exercé ce métier une fois mais pendant peu de temps",confiance,profile,2,0,18,
e3cb68a7-8751-4924-86ab-7f39ef1b27e0,c44a75de-8324-44d4-9a00-8113f7c2702b,001c9384-b933-48d9-8e2d-c9e4dcc1a8a6,b88c9e7f-363a-4ef3-8794-760d28e5783e,J'ai exercé un métier en lien avec le diplôme,"Oui, j'ai exercé ce métier une fois mais pendant peu de temps",confiance_extrinseque,profile,1,0,5,
e3cb68a7-8751-4924-86ab-7f39ef1b27e0,c44a75de-8324-44d4-9a00-8113f7c2702b,001c9384-b933-48d9-8e2d-c9e4dcc1a8a6,738bb852-8cd5-417d-a183-697ee5bf3fd9,J'ai exercé un métier en lien avec le diplôme,"Oui, j'ai exercé ce métier une fois mais pendant peu de temps",disponibilite,obtainment,3,0,5,
e3cb68a7-8751-4924-86ab-7f39ef1b27e0,c44a75de-8324-44d4-9a00-8113f7c2702b,001c9384-b933-48d9-8e2d-c9e4dcc1a8a6,9ec7becf-53bb-4142-ac36-45d56d33e8d0,J'ai exercé un métier en lien avec le diplôme,"Oui, j'ai exercé ce métier une fois mais pendant peu de temps",experience,obtainment,5,0,13,3
e3cb68a7-8751-4924-86ab-7f39ef1b27e0,c44a75de-8324-44d4-9a00-8113f7c2702b,001c9384-b933-48d9-8e2d-c9e4dcc1a8a6,4d97080a-8c1f-49d6-8e06-e959b7ac0883,J'ai exercé un métier en lien avec le diplôme,"Oui, j'ai exercé ce métier une fois mais pendant peu de temps",motivation_intrinseque,profile,5,0,25,
e3cb68a7-8751-4924-86ab-7f39ef1b27e0,c44a75de-8324-44d4-9a00-8113f7c2702b,f1ec8066-b340-4a19-8213-3aaa53a79203,631f0ce2-c57a-4905-b512-4c8f8834d8b0,J'ai exercé un métier en lien avec le diplôme,Les métiers que j'ai exercés ont un peu de rapport avec le diplôme,aisance_numerique,profile,1,0,5,
e3cb68a7-8751-4924-86ab-7f39ef1b27e0,c44a75de-8324-44d4-9a00-8113f7c2702b,f1ec8066-b340-4a19-8213-3aaa53a79203,500fec05-d255-4799-bb97-8dac12ea17db,J'ai exercé un métier en lien avec le diplôme,Les métiers que j'ai exercés ont un peu de rapport avec le diplôme,confiance,profile,2,0,18,
e3cb68a7-8751-4924-86ab-7f39ef1b27e0,c44a75de-8324-44d4-9a00-8113f7c2702b,f1ec8066-b340-4a19-8213-3aaa53a79203,b88c9e7f-363a-4ef3-8794-760d28e5783e,J'ai exercé un métier en lien avec le diplôme,Les métiers que j'ai exercés ont un peu de rapport avec le diplôme,confiance_extrinseque,profile,1,0,5,
e3cb68a7-8751-4924-86ab-7f39ef1b27e0,c44a75de-8324-44d4-9a00-8113f7c2702b,f1ec8066-b340-4a19-8213-3aaa53a79203,738bb852-8cd5-417d-a183-697ee5bf3fd9,J'ai exercé un métier en lien avec le diplôme,Les métiers que j'ai exercés ont un peu de rapport avec le diplôme,disponibilite,obtainment,3,0,5,
e3cb68a7-8751-4924-86ab-7f39ef1b27e0,c44a75de-8324-44d4-9a00-8113f7c2702b,f1ec8066-b340-4a19-8213-3aaa53a79203,9ec7becf-53bb-4142-ac36-45d56d33e8d0,J'ai exercé un métier en lien avec le diplôme,Les métiers que j'ai exercés ont un peu de rapport avec le diplôme,experience,obtainment,5,0,13,2
e3cb68a7-8751-4924-86ab-7f39ef1b27e0,c44a75de-8324-44d4-9a00-8113f7c2702b,f1ec8066-b340-4a19-8213-3aaa53a79203,4d97080a-8c1f-49d6-8e06-e959b7ac0883,J'ai exercé un métier en lien avec le diplôme,Les métiers que j'ai exercés ont un peu de rapport avec le diplôme,motivation_intrinseque,profile,5,0,25,
e3cb68a7-8751-4924-86ab-7f39ef1b27e0,c44a75de-8324-44d4-9a00-8113f7c2702b,f9c035ad-339e-4461-91e2-1b58121bd409,631f0ce2-c57a-4905-b512-4c8f8834d8b0,J'ai exercé un métier en lien avec le diplôme,"Non, les métiers que j'ai exercés n'ont pas de rapport avec le diplôme que je vise",aisance_numerique,profile,1,0,5,
e3cb68a7-8751-4924-86ab-7f39ef1b27e0,c44a75de-8324-44d4-9a00-8113f7c2702b,f9c035ad-339e-4461-91e2-1b58121bd409,500fec05-d255-4799-bb97-8dac12ea17db,J'ai exercé un métier en lien avec le diplôme,"Non, les métiers que j'ai exercés n'ont pas de rapport avec le diplôme que je vise",confiance,profile,2,0,18,
e3cb68a7-8751-4924-86ab-7f39ef1b27e0,c44a75de-8324-44d4-9a00-8113f7c2702b,f9c035ad-339e-4461-91e2-1b58121bd409,b88c9e7f-363a-4ef3-8794-760d28e5783e,J'ai exercé un métier en lien avec le diplôme,"Non, les métiers que j'ai exercés n'ont pas de rapport avec le diplôme que je vise",confiance_extrinseque,profile,1,0,5,
e3cb68a7-8751-4924-86ab-7f39ef1b27e0,c44a75de-8324-44d4-9a00-8113f7c2702b,f9c035ad-339e-4461-91e2-1b58121bd409,738bb852-8cd5-417d-a183-697ee5bf3fd9,J'ai exercé un métier en lien avec le diplôme,"Non, les métiers que j'ai exercés n'ont pas de rapport avec le diplôme que je vise",disponibilite,obtainment,3,0,5,
e3cb68a7-8751-4924-86ab-7f39ef1b27e0,c44a75de-8324-44d4-9a00-8113f7c2702b,f9c035ad-339e-4461-91e2-1b58121bd409,9ec7becf-53bb-4142-ac36-45d56d33e8d0,J'ai exercé un métier en lien avec le diplôme,"Non, les métiers que j'ai exercés n'ont pas de rapport avec le diplôme que je vise",experience,obtainment,5,0,13,
e3cb68a7-8751-4924-86ab-7f39ef1b27e0,c44a75de-8324-44d4-9a00-8113f7c2702b,f9c035ad-339e-4461-91e2-1b58121bd409,4d97080a-8c1f-49d6-8e06-e959b7ac0883,J'ai exercé un métier en lien avec le diplôme,"Non, les métiers que j'ai exercés n'ont pas de rapport avec le diplôme que je vise",motivation_intrinseque,profile,5,0,25,
e3cb68a7-8751-4924-86ab-7f39ef1b27e0,a28ae07c-e3fd-4722-b399-e526cbb44a5a,b8649da4-8582-41ac-9e2b-7171602b50b0,631f0ce2-c57a-4905-b512-4c8f8834d8b0,J'ai exercé ce(s) métier(s) pendant :,Moins d'un an,aisance_numerique,profile,1,0,5,
e3cb68a7-8751-4924-86ab-7f39ef1b27e0,a28ae07c-e3fd-4722-b399-e526cbb44a5a,b8649da4-8582-41ac-9e2b-7171602b50b0,500fec05-d255-4799-bb97-8dac12ea17db,J'ai exercé ce(s) métier(s) pendant :,Moins d'un an,confiance,profile,2,0,18,
e3cb68a7-8751-4924-86ab-7f39ef1b27e0,a28ae07c-e3fd-4722-b399-e526cbb44a5a,b8649da4-8582-41ac-9e2b-7171602b50b0,b88c9e7f-363a-4ef3-8794-760d28e5783e,J'ai exercé ce(s) métier(s) pendant :,Moins d'un an,confiance_extrinseque,profile,1,0,5,
e3cb68a7-8751-4924-86ab-7f39ef1b27e0,a28ae07c-e3fd-4722-b399-e526cbb44a5a,b8649da4-8582-41ac-9e2b-7171602b50b0,738bb852-8cd5-417d-a183-697ee5bf3fd9,J'ai exercé ce(s) métier(s) pendant :,Moins d'un an,disponibilite,obtainment,3,0,5,
e3cb68a7-8751-4924-86ab-7f39ef1b27e0,a28ae07c-e3fd-4722-b399-e526cbb44a5a,b8649da4-8582-41ac-9e2b-7171602b50b0,9ec7becf-53bb-4142-ac36-45d56d33e8d0,J'ai exercé ce(s) métier(s) pendant :,Moins d'un an,experience,obtainment,5,0,13,0
e3cb68a7-8751-4924-86ab-7f39ef1b27e0,a28ae07c-e3fd-4722-b399-e526cbb44a5a,b8649da4-8582-41ac-9e2b-7171602b50b0,4d97080a-8c1f-49d6-8e06-e959b7ac0883,J'ai exercé ce(s) métier(s) pendant :,Moins d'un an,motivation_intrinseque,profile,5,0,25,
e3cb68a7-8751-4924-86ab-7f39ef1b27e0,a28ae07c-e3fd-4722-b399-e526cbb44a5a,43b6807f-47dc-463f-8f64-3c23ddf70d1d,631f0ce2-c57a-4905-b512-4c8f8834d8b0,J'ai exercé ce(s) métier(s) pendant :,Un an,aisance_numerique,profile,1,0,5,
e3cb68a7-8751-4924-86ab-7f39ef1b27e0,a28ae07c-e3fd-4722-b399-e526cbb44a5a,43b6807f-47dc-463f-8f64-3c23ddf70d1d,500fec05-d255-4799-bb97-8dac12ea17db,J'ai exercé ce(s) métier(s) pendant :,Un an,confiance,profile,2,0,18,
e3cb68a7-8751-4924-86ab-7f39ef1b27e0,a28ae07c-e3fd-4722-b399-e526cbb44a5a,43b6807f-47dc-463f-8f64-3c23ddf70d1d,b88c9e7f-363a-4ef3-8794-760d28e5783e,J'ai exercé ce(s) métier(s) pendant :,Un an,confiance_extrinseque,profile,1,0,5,
e3cb68a7-8751-4924-86ab-7f39ef1b27e0,a28ae07c-e3fd-4722-b399-e526cbb44a5a,43b6807f-47dc-463f-8f64-3c23ddf70d1d,738bb852-8cd5-417d-a183-697ee5bf3fd9,J'ai exercé ce(s) métier(s) pendant :,Un an,disponibilite,obtainment,3,0,5,
e3cb68a7-8751-4924-86ab-7f39ef1b27e0,a28ae07c-e3fd-4722-b399-e526cbb44a5a,43b6807f-47dc-463f-8f64-3c23ddf70d1d,9ec7becf-53bb-4142-ac36-45d56d33e8d0,J'ai exercé ce(s) métier(s) pendant :,Un an,experience,obtainment,5,0,13,2
e3cb68a7-8751-4924-86ab-7f39ef1b27e0,a28ae07c-e3fd-4722-b399-e526cbb44a5a,43b6807f-47dc-463f-8f64-3c23ddf70d1d,4d97080a-8c1f-49d6-8e06-e959b7ac0883,J'ai exercé ce(s) métier(s) pendant :,Un an,motivation_intrinseque,profile,5,0,25,
e3cb68a7-8751-4924-86ab-7f39ef1b27e0,a28ae07c-e3fd-4722-b399-e526cbb44a5a,001c9384-b933-48d9-8e2d-c9e4dcc1a8a6,631f0ce2-c57a-4905-b512-4c8f8834d8b0,J'ai exercé ce(s) métier(s) pendant :,Plus d'un an,aisance_numerique,profile,1,0,5,
e3cb68a7-8751-4924-86ab-7f39ef1b27e0,a28ae07c-e3fd-4722-b399-e526cbb44a5a,001c9384-b933-48d9-8e2d-c9e4dcc1a8a6,500fec05-d255-4799-bb97-8dac12ea17db,J'ai exercé ce(s) métier(s) pendant :,Plus d'un an,confiance,profile,2,0,18,
e3cb68a7-8751-4924-86ab-7f39ef1b27e0,a28ae07c-e3fd-4722-b399-e526cbb44a5a,001c9384-b933-48d9-8e2d-c9e4dcc1a8a6,b88c9e7f-363a-4ef3-8794-760d28e5783e,J'ai exercé ce(s) métier(s) pendant :,Plus d'un an,confiance_extrinseque,profile,1,0,5,
e3cb68a7-8751-4924-86ab-7f39ef1b27e0,a28ae07c-e3fd-4722-b399-e526cbb44a5a,001c9384-b933-48d9-8e2d-c9e4dcc1a8a6,738bb852-8cd5-417d-a183-697ee5bf3fd9,J'ai exercé ce(s) métier(s) pendant :,Plus d'un an,disponibilite,obtainment,3,0,5,
e3cb68a7-8751-4924-86ab-7f39ef1b27e0,a28ae07c-e3fd-4722-b399-e526cbb44a5a,001c9384-b933-48d9-8e2d-c9e4dcc1a8a6,9ec7becf-53bb-4142-ac36-45d56d33e8d0,J'ai exercé ce(s) métier(s) pendant :,Plus d'un an,experience,obtainment,5,0,13,5
e3cb68a7-8751-4924-86ab-7f39ef1b27e0,a28ae07c-e3fd-4722-b399-e526cbb44a5a,001c9384-b933-48d9-8e2d-c9e4dcc1a8a6,4d97080a-8c1f-49d6-8e06-e959b7ac0883,J'ai exercé ce(s) métier(s) pendant :,Plus d'un an,motivation_intrinseque,profile,5,0,25,
e3cb68a7-8751-4924-86ab-7f39ef1b27e0,74051568-3cd0-41bd-890d-c6f920f02b03,b8649da4-8582-41ac-9e2b-7171602b50b0,631f0ce2-c57a-4905-b512-4c8f8834d8b0,"Pour obtenir ma certification, je suis prêt.e à déplacer des montagnes","Oui, je suis vraiment déterminé.e",aisance_numerique,profile,1,0,5,
e3cb68a7-8751-4924-86ab-7f39ef1b27e0,74051568-3cd0-41bd-890d-c6f920f02b03,b8649da4-8582-41ac-9e2b-7171602b50b0,500fec05-d255-4799-bb97-8dac12ea17db,"Pour obtenir ma certification, je suis prêt.e à déplacer des montagnes","Oui, je suis vraiment déterminé.e",confiance,profile,2,0,18,
e3cb68a7-8751-4924-86ab-7f39ef1b27e0,74051568-3cd0-41bd-890d-c6f920f02b03,b8649da4-8582-41ac-9e2b-7171602b50b0,b88c9e7f-363a-4ef3-8794-760d28e5783e,"Pour obtenir ma certification, je suis prêt.e à déplacer des montagnes","Oui, je suis vraiment déterminé.e",confiance_extrinseque,profile,1,0,5,
e3cb68a7-8751-4924-86ab-7f39ef1b27e0,74051568-3cd0-41bd-890d-c6f920f02b03,b8649da4-8582-41ac-9e2b-7171602b50b0,738bb852-8cd5-417d-a183-697ee5bf3fd9,"Pour obtenir ma certification, je suis prêt.e à déplacer des montagnes","Oui, je suis vraiment déterminé.e",disponibilite,obtainment,3,0,5,
e3cb68a7-8751-4924-86ab-7f39ef1b27e0,74051568-3cd0-41bd-890d-c6f920f02b03,b8649da4-8582-41ac-9e2b-7171602b50b0,9ec7becf-53bb-4142-ac36-45d56d33e8d0,"Pour obtenir ma certification, je suis prêt.e à déplacer des montagnes","Oui, je suis vraiment déterminé.e",experience,obtainment,5,0,13,
e3cb68a7-8751-4924-86ab-7f39ef1b27e0,74051568-3cd0-41bd-890d-c6f920f02b03,b8649da4-8582-41ac-9e2b-7171602b50b0,4d97080a-8c1f-49d6-8e06-e959b7ac0883,"Pour obtenir ma certification, je suis prêt.e à déplacer des montagnes","Oui, je suis vraiment déterminé.e",motivation_intrinseque,profile,5,0,25,5
e3cb68a7-8751-4924-86ab-7f39ef1b27e0,74051568-3cd0-41bd-890d-c6f920f02b03,43b6807f-47dc-463f-8f64-3c23ddf70d1d,631f0ce2-c57a-4905-b512-4c8f8834d8b0,"Pour obtenir ma certification, je suis prêt.e à déplacer des montagnes",Je suis motivé.e,aisance_numerique,profile,1,0,5,
e3cb68a7-8751-4924-86ab-7f39ef1b27e0,74051568-3cd0-41bd-890d-c6f920f02b03,43b6807f-47dc-463f-8f64-3c23ddf70d1d,500fec05-d255-4799-bb97-8dac12ea17db,"Pour obtenir ma certification, je suis prêt.e à déplacer des montagnes",Je suis motivé.e,confiance,profile,2,0,18,
e3cb68a7-8751-4924-86ab-7f39ef1b27e0,74051568-3cd0-41bd-890d-c6f920f02b03,43b6807f-47dc-463f-8f64-3c23ddf70d1d,b88c9e7f-363a-4ef3-8794-760d28e5783e,"Pour obtenir ma certification, je suis prêt.e à déplacer des montagnes",Je suis motivé.e,confiance_extrinseque,profile,1,0,5,
e3cb68a7-8751-4924-86ab-7f39ef1b27e0,74051568-3cd0-41bd-890d-c6f920f02b03,43b6807f-47dc-463f-8f64-3c23ddf70d1d,738bb852-8cd5-417d-a183-697ee5bf3fd9,"Pour obtenir ma certification, je suis prêt.e à déplacer des montagnes",Je suis motivé.e,disponibilite,obtainment,3,0,5,
e3cb68a7-8751-4924-86ab-7f39ef1b27e0,74051568-3cd0-41bd-890d-c6f920f02b03,43b6807f-47dc-463f-8f64-3c23ddf70d1d,9ec7becf-53bb-4142-ac36-45d56d33e8d0,"Pour obtenir ma certification, je suis prêt.e à déplacer des montagnes",Je suis motivé.e,experience,obtainment,5,0,13,
e3cb68a7-8751-4924-86ab-7f39ef1b27e0,74051568-3cd0-41bd-890d-c6f920f02b03,43b6807f-47dc-463f-8f64-3c23ddf70d1d,4d97080a-8c1f-49d6-8e06-e959b7ac0883,"Pour obtenir ma certification, je suis prêt.e à déplacer des montagnes",Je suis motivé.e,motivation_intrinseque,profile,5,0,25,4
e3cb68a7-8751-4924-86ab-7f39ef1b27e0,74051568-3cd0-41bd-890d-c6f920f02b03,001c9384-b933-48d9-8e2d-c9e4dcc1a8a6,631f0ce2-c57a-4905-b512-4c8f8834d8b0,"Pour obtenir ma certification, je suis prêt.e à déplacer des montagnes","Oui, mais j'ai aussi d'autres choses à gérer",aisance_numerique,profile,1,0,5,
e3cb68a7-8751-4924-86ab-7f39ef1b27e0,74051568-3cd0-41bd-890d-c6f920f02b03,001c9384-b933-48d9-8e2d-c9e4dcc1a8a6,500fec05-d255-4799-bb97-8dac12ea17db,"Pour obtenir ma certification, je suis prêt.e à déplacer des montagnes","Oui, mais j'ai aussi d'autres choses à gérer",confiance,profile,2,0,18,
e3cb68a7-8751-4924-86ab-7f39ef1b27e0,74051568-3cd0-41bd-890d-c6f920f02b03,001c9384-b933-48d9-8e2d-c9e4dcc1a8a6,b88c9e7f-363a-4ef3-8794-760d28e5783e,"Pour obtenir ma certification, je suis prêt.e à déplacer des montagnes","Oui, mais j'ai aussi d'autres choses à gérer",confiance_extrinseque,profile,1,0,5,
e3cb68a7-8751-4924-86ab-7f39ef1b27e0,74051568-3cd0-41bd-890d-c6f920f02b03,001c9384-b933-48d9-8e2d-c9e4dcc1a8a6,738bb852-8cd5-417d-a183-697ee5bf3fd9,"Pour obtenir ma certification, je suis prêt.e à déplacer des montagnes","Oui, mais j'ai aussi d'autres choses à gérer",disponibilite,obtainment,3,0,5,-1
e3cb68a7-8751-4924-86ab-7f39ef1b27e0,74051568-3cd0-41bd-890d-c6f920f02b03,001c9384-b933-48d9-8e2d-c9e4dcc1a8a6,9ec7becf-53bb-4142-ac36-45d56d33e8d0,"Pour obtenir ma certification, je suis prêt.e à déplacer des montagnes","Oui, mais j'ai aussi d'autres choses à gérer",experience,obtainment,5,0,13,
e3cb68a7-8751-4924-86ab-7f39ef1b27e0,74051568-3cd0-41bd-890d-c6f920f02b03,001c9384-b933-48d9-8e2d-c9e4dcc1a8a6,4d97080a-8c1f-49d6-8e06-e959b7ac0883,"Pour obtenir ma certification, je suis prêt.e à déplacer des montagnes","Oui, mais j'ai aussi d'autres choses à gérer",motivation_intrinseque,profile,5,0,25,2
e3cb68a7-8751-4924-86ab-7f39ef1b27e0,74051568-3cd0-41bd-890d-c6f920f02b03,f1ec8066-b340-4a19-8213-3aaa53a79203,631f0ce2-c57a-4905-b512-4c8f8834d8b0,"Pour obtenir ma certification, je suis prêt.e à déplacer des montagnes",Je ferai uniquement ce qu'il faut,aisance_numerique,profile,1,0,5,
e3cb68a7-8751-4924-86ab-7f39ef1b27e0,74051568-3cd0-41bd-890d-c6f920f02b03,f1ec8066-b340-4a19-8213-3aaa53a79203,500fec05-d255-4799-bb97-8dac12ea17db,"Pour obtenir ma certification, je suis prêt.e à déplacer des montagnes",Je ferai uniquement ce qu'il faut,confiance,profile,2,0,18,
e3cb68a7-8751-4924-86ab-7f39ef1b27e0,74051568-3cd0-41bd-890d-c6f920f02b03,f1ec8066-b340-4a19-8213-3aaa53a79203,b88c9e7f-363a-4ef3-8794-760d28e5783e,"Pour obtenir ma certification, je suis prêt.e à déplacer des montagnes",Je ferai uniquement ce qu'il faut,confiance_extrinseque,profile,1,0,5,
e3cb68a7-8751-4924-86ab-7f39ef1b27e0,74051568-3cd0-41bd-890d-c6f920f02b03,f1ec8066-b340-4a19-8213-3aaa53a79203,738bb852-8cd5-417d-a183-697ee5bf3fd9,"Pour obtenir ma certification, je suis prêt.e à déplacer des montagnes",Je ferai uniquement ce qu'il faut,disponibilite,obtainment,3,0,5,
e3cb68a7-8751-4924-86ab-7f39ef1b27e0,74051568-3cd0-41bd-890d-c6f920f02b03,f1ec8066-b340-4a19-8213-3aaa53a79203,9ec7becf-53bb-4142-ac36-45d56d33e8d0,"Pour obtenir ma certification, je suis prêt.e à déplacer des montagnes",Je ferai uniquement ce qu'il faut,experience,obtainment,5,0,13,
e3cb68a7-8751-4924-86ab-7f39ef1b27e0,74051568-3cd0-41bd-890d-c6f920f02b03,f1ec8066-b340-4a19-8213-3aaa53a79203,4d97080a-8c1f-49d6-8e06-e959b7ac0883,"Pour obtenir ma certification, je suis prêt.e à déplacer des montagnes",Je ferai uniquement ce qu'il faut,motivation_intrinseque,profile,5,0,25,1
e3cb68a7-8751-4924-86ab-7f39ef1b27e0,74051568-3cd0-41bd-890d-c6f920f02b03,f9c035ad-339e-4461-91e2-1b58121bd409,631f0ce2-c57a-4905-b512-4c8f8834d8b0,"Pour obtenir ma certification, je suis prêt.e à déplacer des montagnes",Pas vraiment,aisance_numerique,profile,1,0,5,
e3cb68a7-8751-4924-86ab-7f39ef1b27e0,74051568-3cd0-41bd-890d-c6f920f02b03,f9c035ad-339e-4461-91e2-1b58121bd409,500fec05-d255-4799-bb97-8dac12ea17db,"Pour obtenir ma certification, je suis prêt.e à déplacer des montagnes",Pas vraiment,confiance,profile,2,0,18,
e3cb68a7-8751-4924-86ab-7f39ef1b27e0,74051568-3cd0-41bd-890d-c6f920f02b03,f9c035ad-339e-4461-91e2-1b58121bd409,b88c9e7f-363a-4ef3-8794-760d28e5783e,"Pour obtenir ma certification, je suis prêt.e à déplacer des montagnes",Pas vraiment,confiance_extrinseque,profile,1,0,5,
e3cb68a7-8751-4924-86ab-7f39ef1b27e0,74051568-3cd0-41bd-890d-c6f920f02b03,f9c035ad-339e-4461-91e2-1b58121bd409,738bb852-8cd5-417d-a183-697ee5bf3fd9,"Pour obtenir ma certification, je suis prêt.e à déplacer des montagnes",Pas vraiment,disponibilite,obtainment,3,0,5,
e3cb68a7-8751-4924-86ab-7f39ef1b27e0,74051568-3cd0-41bd-890d-c6f920f02b03,f9c035ad-339e-4461-91e2-1b58121bd409,9ec7becf-53bb-4142-ac36-45d56d33e8d0,"Pour obtenir ma certification, je suis prêt.e à déplacer des montagnes",Pas vraiment,experience,obtainment,5,0,13,
e3cb68a7-8751-4924-86ab-7f39ef1b27e0,74051568-3cd0-41bd-890d-c6f920f02b03,f9c035ad-339e-4461-91e2-1b58121bd409,4d97080a-8c1f-49d6-8e06-e959b7ac0883,"Pour obtenir ma certification, je suis prêt.e à déplacer des montagnes",Pas vraiment,motivation_intrinseque,profile,5,0,25,0
e3cb68a7-8751-4924-86ab-7f39ef1b27e0,140da6ae-c8c8-4f70-b45c-84886d6ff1da,b8649da4-8582-41ac-9e2b-7171602b50b0,631f0ce2-c57a-4905-b512-4c8f8834d8b0,J'ai choisi le bon diplôme,Je suis sûr.e de mon choix,aisance_numerique,profile,1,0,5,
e3cb68a7-8751-4924-86ab-7f39ef1b27e0,140da6ae-c8c8-4f70-b45c-84886d6ff1da,b8649da4-8582-41ac-9e2b-7171602b50b0,500fec05-d255-4799-bb97-8dac12ea17db,J'ai choisi le bon diplôme,Je suis sûr.e de mon choix,confiance,profile,2,0,18,
e3cb68a7-8751-4924-86ab-7f39ef1b27e0,140da6ae-c8c8-4f70-b45c-84886d6ff1da,b8649da4-8582-41ac-9e2b-7171602b50b0,b88c9e7f-363a-4ef3-8794-760d28e5783e,J'ai choisi le bon diplôme,Je suis sûr.e de mon choix,confiance_extrinseque,profile,1,0,5,5
e3cb68a7-8751-4924-86ab-7f39ef1b27e0,140da6ae-c8c8-4f70-b45c-84886d6ff1da,b8649da4-8582-41ac-9e2b-7171602b50b0,738bb852-8cd5-417d-a183-697ee5bf3fd9,J'ai choisi le bon diplôme,Je suis sûr.e de mon choix,disponibilite,obtainment,3,0,5,
e3cb68a7-8751-4924-86ab-7f39ef1b27e0,140da6ae-c8c8-4f70-b45c-84886d6ff1da,b8649da4-8582-41ac-9e2b-7171602b50b0,9ec7becf-53bb-4142-ac36-45d56d33e8d0,J'ai choisi le bon diplôme,Je suis sûr.e de mon choix,experience,obtainment,5,0,13,
e3cb68a7-8751-4924-86ab-7f39ef1b27e0,140da6ae-c8c8-4f70-b45c-84886d6ff1da,b8649da4-8582-41ac-9e2b-7171602b50b0,4d97080a-8c1f-49d6-8e06-e959b7ac0883,J'ai choisi le bon diplôme,Je suis sûr.e de mon choix,motivation_intrinseque,profile,5,0,25,
e3cb68a7-8751-4924-86ab-7f39ef1b27e0,140da6ae-c8c8-4f70-b45c-84886d6ff1da,43b6807f-47dc-463f-8f64-3c23ddf70d1d,631f0ce2-c57a-4905-b512-4c8f8834d8b0,J'ai choisi le bon diplôme,Je suis à peu près sûr.e de mon choix,aisance_numerique,profile,1,0,5,
e3cb68a7-8751-4924-86ab-7f39ef1b27e0,140da6ae-c8c8-4f70-b45c-84886d6ff1da,43b6807f-47dc-463f-8f64-3c23ddf70d1d,500fec05-d255-4799-bb97-8dac12ea17db,J'ai choisi le bon diplôme,Je suis à peu près sûr.e de mon choix,confiance,profile,2,0,18,
e3cb68a7-8751-4924-86ab-7f39ef1b27e0,140da6ae-c8c8-4f70-b45c-84886d6ff1da,43b6807f-47dc-463f-8f64-3c23ddf70d1d,b88c9e7f-363a-4ef3-8794-760d28e5783e,J'ai choisi le bon diplôme,Je suis à peu près sûr.e de mon choix,confiance_extrinseque,profile,1,0,5,3
e3cb68a7-8751-4924-86ab-7f39ef1b27e0,140da6ae-c8c8-4f70-b45c-84886d6ff1da,43b6807f-47dc-463f-8f64-3c23ddf70d1d,738bb852-8cd5-417d-a183-697ee5bf3fd9,J'ai choisi le bon diplôme,Je suis à peu près sûr.e de mon choix,disponibilite,obtainment,3,0,5,
e3cb68a7-8751-4924-86ab-7f39ef1b27e0,140da6ae-c8c8-4f70-b45c-84886d6ff1da,43b6807f-47dc-463f-8f64-3c23ddf70d1d,9ec7becf-53bb-4142-ac36-45d56d33e8d0,J'ai choisi le bon diplôme,Je suis à peu près sûr.e de mon choix,experience,obtainment,5,0,13,
e3cb68a7-8751-4924-86ab-7f39ef1b27e0,140da6ae-c8c8-4f70-b45c-84886d6ff1da,43b6807f-47dc-463f-8f64-3c23ddf70d1d,4d97080a-8c1f-49d6-8e06-e959b7ac0883,J'ai choisi le bon diplôme,Je suis à peu près sûr.e de mon choix,motivation_intrinseque,profile,5,0,25,
e3cb68a7-8751-4924-86ab-7f39ef1b27e0,140da6ae-c8c8-4f70-b45c-84886d6ff1da,001c9384-b933-48d9-8e2d-c9e4dcc1a8a6,631f0ce2-c57a-4905-b512-4c8f8834d8b0,J'ai choisi le bon diplôme,Je ne suis pas vraiment sûr.e de mon choix,aisance_numerique,profile,1,0,5,
e3cb68a7-8751-4924-86ab-7f39ef1b27e0,140da6ae-c8c8-4f70-b45c-84886d6ff1da,001c9384-b933-48d9-8e2d-c9e4dcc1a8a6,500fec05-d255-4799-bb97-8dac12ea17db,J'ai choisi le bon diplôme,Je ne suis pas vraiment sûr.e de mon choix,confiance,profile,2,0,18,
e3cb68a7-8751-4924-86ab-7f39ef1b27e0,140da6ae-c8c8-4f70-b45c-84886d6ff1da,001c9384-b933-48d9-8e2d-c9e4dcc1a8a6,b88c9e7f-363a-4ef3-8794-760d28e5783e,J'ai choisi le bon diplôme,Je ne suis pas vraiment sûr.e de mon choix,confiance_extrinseque,profile,1,0,5,2
e3cb68a7-8751-4924-86ab-7f39ef1b27e0,140da6ae-c8c8-4f70-b45c-84886d6ff1da,001c9384-b933-48d9-8e2d-c9e4dcc1a8a6,738bb852-8cd5-417d-a183-697ee5bf3fd9,J'ai choisi le bon diplôme,Je ne suis pas vraiment sûr.e de mon choix,disponibilite,obtainment,3,0,5,
e3cb68a7-8751-4924-86ab-7f39ef1b27e0,140da6ae-c8c8-4f70-b45c-84886d6ff1da,001c9384-b933-48d9-8e2d-c9e4dcc1a8a6,9ec7becf-53bb-4142-ac36-45d56d33e8d0,J'ai choisi le bon diplôme,Je ne suis pas vraiment sûr.e de mon choix,experience,obtainment,5,0,13,
e3cb68a7-8751-4924-86ab-7f39ef1b27e0,140da6ae-c8c8-4f70-b45c-84886d6ff1da,001c9384-b933-48d9-8e2d-c9e4dcc1a8a6,4d97080a-8c1f-49d6-8e06-e959b7ac0883,J'ai choisi le bon diplôme,Je ne suis pas vraiment sûr.e de mon choix,motivation_intrinseque,profile,5,0,25,
e3cb68a7-8751-4924-86ab-7f39ef1b27e0,140da6ae-c8c8-4f70-b45c-84886d6ff1da,f1ec8066-b340-4a19-8213-3aaa53a79203,631f0ce2-c57a-4905-b512-4c8f8834d8b0,J'ai choisi le bon diplôme,Je ne suis pas du tout sûr.e de mon choix,aisance_numerique,profile,1,0,5,
e3cb68a7-8751-4924-86ab-7f39ef1b27e0,140da6ae-c8c8-4f70-b45c-84886d6ff1da,f1ec8066-b340-4a19-8213-3aaa53a79203,500fec05-d255-4799-bb97-8dac12ea17db,J'ai choisi le bon diplôme,Je ne suis pas du tout sûr.e de mon choix,confiance,profile,2,0,18,
e3cb68a7-8751-4924-86ab-7f39ef1b27e0,140da6ae-c8c8-4f70-b45c-84886d6ff1da,f1ec8066-b340-4a19-8213-3aaa53a79203,b88c9e7f-363a-4ef3-8794-760d28e5783e,J'ai choisi le bon diplôme,Je ne suis pas du tout sûr.e de mon choix,confiance_extrinseque,profile,1,0,5,0
e3cb68a7-8751-4924-86ab-7f39ef1b27e0,140da6ae-c8c8-4f70-b45c-84886d6ff1da,f1ec8066-b340-4a19-8213-3aaa53a79203,738bb852-8cd5-417d-a183-697ee5bf3fd9,J'ai choisi le bon diplôme,Je ne suis pas du tout sûr.e de mon choix,disponibilite,obtainment,3,0,5,
e3cb68a7-8751-4924-86ab-7f39ef1b27e0,140da6ae-c8c8-4f70-b45c-84886d6ff1da,f1ec8066-b340-4a19-8213-3aaa53a79203,9ec7becf-53bb-4142-ac36-45d56d33e8d0,J'ai choisi le bon diplôme,Je ne suis pas du tout sûr.e de mon choix,experience,obtainment,5,0,13,
e3cb68a7-8751-4924-86ab-7f39ef1b27e0,140da6ae-c8c8-4f70-b45c-84886d6ff1da,f1ec8066-b340-4a19-8213-3aaa53a79203,4d97080a-8c1f-49d6-8e06-e959b7ac0883,J'ai choisi le bon diplôme,Je ne suis pas du tout sûr.e de mon choix,motivation_intrinseque,profile,5,0,25,
e3cb68a7-8751-4924-86ab-7f39ef1b27e0,7955dc5a-e36e-47d0-81c9-5ee73911c616,b8649da4-8582-41ac-9e2b-7171602b50b0,631f0ce2-c57a-4905-b512-4c8f8834d8b0,Je vais obtenir mon diplôme,"J'ai confiance en moi, j'y crois vraiment",aisance_numerique,profile,1,0,5,
e3cb68a7-8751-4924-86ab-7f39ef1b27e0,7955dc5a-e36e-47d0-81c9-5ee73911c616,b8649da4-8582-41ac-9e2b-7171602b50b0,500fec05-d255-4799-bb97-8dac12ea17db,Je vais obtenir mon diplôme,"J'ai confiance en moi, j'y crois vraiment",confiance,profile,2,0,18,5
e3cb68a7-8751-4924-86ab-7f39ef1b27e0,7955dc5a-e36e-47d0-81c9-5ee73911c616,b8649da4-8582-41ac-9e2b-7171602b50b0,b88c9e7f-363a-4ef3-8794-760d28e5783e,Je vais obtenir mon diplôme,"J'ai confiance en moi, j'y crois vraiment",confiance_extrinseque,profile,1,0,5,
e3cb68a7-8751-4924-86ab-7f39ef1b27e0,7955dc5a-e36e-47d0-81c9-5ee73911c616,b8649da4-8582-41ac-9e2b-7171602b50b0,738bb852-8cd5-417d-a183-697ee5bf3fd9,Je vais obtenir mon diplôme,"J'ai confiance en moi, j'y crois vraiment",disponibilite,obtainment,3,0,5,
e3cb68a7-8751-4924-86ab-7f39ef1b27e0,7955dc5a-e36e-47d0-81c9-5ee73911c616,b8649da4-8582-41ac-9e2b-7171602b50b0,9ec7becf-53bb-4142-ac36-45d56d33e8d0,Je vais obtenir mon diplôme,"J'ai confiance en moi, j'y crois vraiment",experience,obtainment,5,0,13,3
e3cb68a7-8751-4924-86ab-7f39ef1b27e0,7955dc5a-e36e-47d0-81c9-5ee73911c616,b8649da4-8582-41ac-9e2b-7171602b50b0,4d97080a-8c1f-49d6-8e06-e959b7ac0883,Je vais obtenir mon diplôme,"J'ai confiance en moi, j'y crois vraiment",motivation_intrinseque,profile,5,0,25,
e3cb68a7-8751-4924-86ab-7f39ef1b27e0,7955dc5a-e36e-47d0-81c9-5ee73911c616,43b6807f-47dc-463f-8f64-3c23ddf70d1d,631f0ce2-c57a-4905-b512-4c8f8834d8b0,Je vais obtenir mon diplôme,"J'ai une bonne expérience, j'y crois",aisance_numerique,profile,1,0,5,
e3cb68a7-8751-4924-86ab-7f39ef1b27e0,7955dc5a-e36e-47d0-81c9-5ee73911c616,43b6807f-47dc-463f-8f64-3c23ddf70d1d,500fec05-d255-4799-bb97-8dac12ea17db,Je vais obtenir mon diplôme,"J'ai une bonne expérience, j'y crois",confiance,profile,2,0,18,4
e3cb68a7-8751-4924-86ab-7f39ef1b27e0,7955dc5a-e36e-47d0-81c9-5ee73911c616,43b6807f-47dc-463f-8f64-3c23ddf70d1d,b88c9e7f-363a-4ef3-8794-760d28e5783e,Je vais obtenir mon diplôme,"J'ai une bonne expérience, j'y crois",confiance_extrinseque,profile,1,0,5,
e3cb68a7-8751-4924-86ab-7f39ef1b27e0,7955dc5a-e36e-47d0-81c9-5ee73911c616,43b6807f-47dc-463f-8f64-3c23ddf70d1d,738bb852-8cd5-417d-a183-697ee5bf3fd9,Je vais obtenir mon diplôme,"J'ai une bonne expérience, j'y crois",disponibilite,obtainment,3,0,5,
e3cb68a7-8751-4924-86ab-7f39ef1b27e0,7955dc5a-e36e-47d0-81c9-5ee73911c616,43b6807f-47dc-463f-8f64-3c23ddf70d1d,9ec7becf-53bb-4142-ac36-45d56d33e8d0,Je vais obtenir mon diplôme,"J'ai une bonne expérience, j'y crois",experience,obtainment,5,0,13,2
e3cb68a7-8751-4924-86ab-7f39ef1b27e0,7955dc5a-e36e-47d0-81c9-5ee73911c616,43b6807f-47dc-463f-8f64-3c23ddf70d1d,4d97080a-8c1f-49d6-8e06-e959b7ac0883,Je vais obtenir mon diplôme,"J'ai une bonne expérience, j'y crois",motivation_intrinseque,profile,5,0,25,
e3cb68a7-8751-4924-86ab-7f39ef1b27e0,7955dc5a-e36e-47d0-81c9-5ee73911c616,001c9384-b933-48d9-8e2d-c9e4dcc1a8a6,631f0ce2-c57a-4905-b512-4c8f8834d8b0,Je vais obtenir mon diplôme,"J'ai des doutes, je n'y crois pas vraiment",aisance_numerique,profile,1,0,5,
e3cb68a7-8751-4924-86ab-7f39ef1b27e0,7955dc5a-e36e-47d0-81c9-5ee73911c616,001c9384-b933-48d9-8e2d-c9e4dcc1a8a6,500fec05-d255-4799-bb97-8dac12ea17db,Je vais obtenir mon diplôme,"J'ai des doutes, je n'y crois pas vraiment",confiance,profile,2,0,18,2
e3cb68a7-8751-4924-86ab-7f39ef1b27e0,7955dc5a-e36e-47d0-81c9-5ee73911c616,001c9384-b933-48d9-8e2d-c9e4dcc1a8a6,b88c9e7f-363a-4ef3-8794-760d28e5783e,Je vais obtenir mon diplôme,"J'ai des doutes, je n'y crois pas vraiment",confiance_extrinseque,profile,1,0,5,
e3cb68a7-8751-4924-86ab-7f39ef1b27e0,7955dc5a-e36e-47d0-81c9-5ee73911c616,001c9384-b933-48d9-8e2d-c9e4dcc1a8a6,738bb852-8cd5-417d-a183-697ee5bf3fd9,Je vais obtenir mon diplôme,"J'ai des doutes, je n'y crois pas vraiment",disponibilite,obtainment,3,0,5,
e3cb68a7-8751-4924-86ab-7f39ef1b27e0,7955dc5a-e36e-47d0-81c9-5ee73911c616,001c9384-b933-48d9-8e2d-c9e4dcc1a8a6,9ec7becf-53bb-4142-ac36-45d56d33e8d0,Je vais obtenir mon diplôme,"J'ai des doutes, je n'y crois pas vraiment",experience,obtainment,5,0,13,2
e3cb68a7-8751-4924-86ab-7f39ef1b27e0,7955dc5a-e36e-47d0-81c9-5ee73911c616,001c9384-b933-48d9-8e2d-c9e4dcc1a8a6,4d97080a-8c1f-49d6-8e06-e959b7ac0883,Je vais obtenir mon diplôme,"J'ai des doutes, je n'y crois pas vraiment",motivation_intrinseque,profile,5,0,25,
e3cb68a7-8751-4924-86ab-7f39ef1b27e0,7955dc5a-e36e-47d0-81c9-5ee73911c616,f1ec8066-b340-4a19-8213-3aaa53a79203,631f0ce2-c57a-4905-b512-4c8f8834d8b0,Je vais obtenir mon diplôme,Je ne suis pas sûr.e que mon expérience soit suffisante,aisance_numerique,profile,1,0,5,
e3cb68a7-8751-4924-86ab-7f39ef1b27e0,7955dc5a-e36e-47d0-81c9-5ee73911c616,f1ec8066-b340-4a19-8213-3aaa53a79203,500fec05-d255-4799-bb97-8dac12ea17db,Je vais obtenir mon diplôme,Je ne suis pas sûr.e que mon expérience soit suffisante,confiance,profile,2,0,18,1
e3cb68a7-8751-4924-86ab-7f39ef1b27e0,7955dc5a-e36e-47d0-81c9-5ee73911c616,f1ec8066-b340-4a19-8213-3aaa53a79203,b88c9e7f-363a-4ef3-8794-760d28e5783e,Je vais obtenir mon diplôme,Je ne suis pas sûr.e que mon expérience soit suffisante,confiance_extrinseque,profile,1,0,5,
e3cb68a7-8751-4924-86ab-7f39ef1b27e0,7955dc5a-e36e-47d0-81c9-5ee73911c616,f1ec8066-b340-4a19-8213-3aaa53a79203,738bb852-8cd5-417d-a183-697ee5bf3fd9,Je vais obtenir mon diplôme,Je ne suis pas sûr.e que mon expérience soit suffisante,disponibilite,obtainment,3,0,5,
e3cb68a7-8751-4924-86ab-7f39ef1b27e0,7955dc5a-e36e-47d0-81c9-5ee73911c616,f1ec8066-b340-4a19-8213-3aaa53a79203,9ec7becf-53bb-4142-ac36-45d56d33e8d0,Je vais obtenir mon diplôme,Je ne suis pas sûr.e que mon expérience soit suffisante,experience,obtainment,5,0,13,1
e3cb68a7-8751-4924-86ab-7f39ef1b27e0,7955dc5a-e36e-47d0-81c9-5ee73911c616,f1ec8066-b340-4a19-8213-3aaa53a79203,4d97080a-8c1f-49d6-8e06-e959b7ac0883,Je vais obtenir mon diplôme,Je ne suis pas sûr.e que mon expérience soit suffisante,motivation_intrinseque,profile,5,0,25,
e3cb68a7-8751-4924-86ab-7f39ef1b27e0,794514a7-7152-4eca-ae8f-b50f53b3b027,b8649da4-8582-41ac-9e2b-7171602b50b0,631f0ce2-c57a-4905-b512-4c8f8834d8b0,Je suis disponible dans les 3 prochains mois,Je peux me libérer moins de 2h/semaine,aisance_numerique,profile,1,0,5,
e3cb68a7-8751-4924-86ab-7f39ef1b27e0,794514a7-7152-4eca-ae8f-b50f53b3b027,b8649da4-8582-41ac-9e2b-7171602b50b0,500fec05-d255-4799-bb97-8dac12ea17db,Je suis disponible dans les 3 prochains mois,Je peux me libérer moins de 2h/semaine,confiance,profile,2,0,18,
e3cb68a7-8751-4924-86ab-7f39ef1b27e0,794514a7-7152-4eca-ae8f-b50f53b3b027,b8649da4-8582-41ac-9e2b-7171602b50b0,b88c9e7f-363a-4ef3-8794-760d28e5783e,Je suis disponible dans les 3 prochains mois,Je peux me libérer moins de 2h/semaine,confiance_extrinseque,profile,1,0,5,
e3cb68a7-8751-4924-86ab-7f39ef1b27e0,794514a7-7152-4eca-ae8f-b50f53b3b027,b8649da4-8582-41ac-9e2b-7171602b50b0,738bb852-8cd5-417d-a183-697ee5bf3fd9,Je suis disponible dans les 3 prochains mois,Je peux me libérer moins de 2h/semaine,disponibilite,obtainment,3,0,5,1
e3cb68a7-8751-4924-86ab-7f39ef1b27e0,794514a7-7152-4eca-ae8f-b50f53b3b027,b8649da4-8582-41ac-9e2b-7171602b50b0,9ec7becf-53bb-4142-ac36-45d56d33e8d0,Je suis disponible dans les 3 prochains mois,Je peux me libérer moins de 2h/semaine,experience,obtainment,5,0,13,
e3cb68a7-8751-4924-86ab-7f39ef1b27e0,794514a7-7152-4eca-ae8f-b50f53b3b027,b8649da4-8582-41ac-9e2b-7171602b50b0,4d97080a-8c1f-49d6-8e06-e959b7ac0883,Je suis disponible dans les 3 prochains mois,Je peux me libérer moins de 2h/semaine,motivation_intrinseque,profile,5,0,25,
e3cb68a7-8751-4924-86ab-7f39ef1b27e0,794514a7-7152-4eca-ae8f-b50f53b3b027,43b6807f-47dc-463f-8f64-3c23ddf70d1d,631f0ce2-c57a-4905-b512-4c8f8834d8b0,Je suis disponible dans les 3 prochains mois,Je peux me libérer environ 2h /semaine,aisance_numerique,profile,1,0,5,
e3cb68a7-8751-4924-86ab-7f39ef1b27e0,794514a7-7152-4eca-ae8f-b50f53b3b027,43b6807f-47dc-463f-8f64-3c23ddf70d1d,500fec05-d255-4799-bb97-8dac12ea17db,Je suis disponible dans les 3 prochains mois,Je peux me libérer environ 2h /semaine,confiance,profile,2,0,18,
e3cb68a7-8751-4924-86ab-7f39ef1b27e0,794514a7-7152-4eca-ae8f-b50f53b3b027,43b6807f-47dc-463f-8f64-3c23ddf70d1d,b88c9e7f-363a-4ef3-8794-760d28e5783e,Je suis disponible dans les 3 prochains mois,Je peux me libérer environ 2h /semaine,confiance_extrinseque,profile,1,0,5,
e3cb68a7-8751-4924-86ab-7f39ef1b27e0,794514a7-7152-4eca-ae8f-b50f53b3b027,43b6807f-47dc-463f-8f64-3c23ddf70d1d,738bb852-8cd5-417d-a183-697ee5bf3fd9,Je suis disponible dans les 3 prochains mois,Je peux me libérer environ 2h /semaine,disponibilite,obtainment,3,0,5,2
e3cb68a7-8751-4924-86ab-7f39ef1b27e0,794514a7-7152-4eca-ae8f-b50f53b3b027,43b6807f-47dc-463f-8f64-3c23ddf70d1d,9ec7becf-53bb-4142-ac36-45d56d33e8d0,Je suis disponible dans les 3 prochains mois,Je peux me libérer environ 2h /semaine,experience,obtainment,5,0,13,
e3cb68a7-8751-4924-86ab-7f39ef1b27e0,794514a7-7152-4eca-ae8f-b50f53b3b027,43b6807f-47dc-463f-8f64-3c23ddf70d1d,4d97080a-8c1f-49d6-8e06-e959b7ac0883,Je suis disponible dans les 3 prochains mois,Je peux me libérer environ 2h /semaine,motivation_intrinseque,profile,5,0,25,
e3cb68a7-8751-4924-86ab-7f39ef1b27e0,794514a7-7152-4eca-ae8f-b50f53b3b027,001c9384-b933-48d9-8e2d-c9e4dcc1a8a6,631f0ce2-c57a-4905-b512-4c8f8834d8b0,Je suis disponible dans les 3 prochains mois,Je peux me libérer entre 2 et 5h /semaine,aisance_numerique,profile,1,0,5,
e3cb68a7-8751-4924-86ab-7f39ef1b27e0,794514a7-7152-4eca-ae8f-b50f53b3b027,001c9384-b933-48d9-8e2d-c9e4dcc1a8a6,500fec05-d255-4799-bb97-8dac12ea17db,Je suis disponible dans les 3 prochains mois,Je peux me libérer entre 2 et 5h /semaine,confiance,profile,2,0,18,
e3cb68a7-8751-4924-86ab-7f39ef1b27e0,794514a7-7152-4eca-ae8f-b50f53b3b027,001c9384-b933-48d9-8e2d-c9e4dcc1a8a6,b88c9e7f-363a-4ef3-8794-760d28e5783e,Je suis disponible dans les 3 prochains mois,Je peux me libérer entre 2 et 5h /semaine,confiance_extrinseque,profile,1,0,5,
e3cb68a7-8751-4924-86ab-7f39ef1b27e0,794514a7-7152-4eca-ae8f-b50f53b3b027,001c9384-b933-48d9-8e2d-c9e4dcc1a8a6,738bb852-8cd5-417d-a183-697ee5bf3fd9,Je suis disponible dans les 3 prochains mois,Je peux me libérer entre 2 et 5h /semaine,disponibilite,obtainment,3,0,5,3
e3cb68a7-8751-4924-86ab-7f39ef1b27e0,794514a7-7152-4eca-ae8f-b50f53b3b027,001c9384-b933-48d9-8e2d-c9e4dcc1a8a6,9ec7becf-53bb-4142-ac36-45d56d33e8d0,Je suis disponible dans les 3 prochains mois,Je peux me libérer entre 2 et 5h /semaine,experience,obtainment,5,0,13,
e3cb68a7-8751-4924-86ab-7f39ef1b27e0,794514a7-7152-4eca-ae8f-b50f53b3b027,001c9384-b933-48d9-8e2d-c9e4dcc1a8a6,4d97080a-8c1f-49d6-8e06-e959b7ac0883,Je suis disponible dans les 3 prochains mois,Je peux me libérer entre 2 et 5h /semaine,motivation_intrinseque,profile,5,0,25,
e3cb68a7-8751-4924-86ab-7f39ef1b27e0,794514a7-7152-4eca-ae8f-b50f53b3b027,f1ec8066-b340-4a19-8213-3aaa53a79203,631f0ce2-c57a-4905-b512-4c8f8834d8b0,Je suis disponible dans les 3 prochains mois,Je peux me libérer + de 5h/semaine,aisance_numerique,profile,1,0,5,
e3cb68a7-8751-4924-86ab-7f39ef1b27e0,794514a7-7152-4eca-ae8f-b50f53b3b027,f1ec8066-b340-4a19-8213-3aaa53a79203,500fec05-d255-4799-bb97-8dac12ea17db,Je suis disponible dans les 3 prochains mois,Je peux me libérer + de 5h/semaine,confiance,profile,2,0,18,
e3cb68a7-8751-4924-86ab-7f39ef1b27e0,794514a7-7152-4eca-ae8f-b50f53b3b027,f1ec8066-b340-4a19-8213-3aaa53a79203,b88c9e7f-363a-4ef3-8794-760d28e5783e,Je suis disponible dans les 3 prochains mois,Je peux me libérer + de 5h/semaine,confiance_extrinseque,profile,1,0,5,
e3cb68a7-8751-4924-86ab-7f39ef1b27e0,794514a7-7152-4eca-ae8f-b50f53b3b027,f1ec8066-b340-4a19-8213-3aaa53a79203,738bb852-8cd5-417d-a183-697ee5bf3fd9,Je suis disponible dans les 3 prochains mois,Je peux me libérer + de 5h/semaine,disponibilite,obtainment,3,0,5,5
e3cb68a7-8751-4924-86ab-7f39ef1b27e0,794514a7-7152-4eca-ae8f-b50f53b3b027,f1ec8066-b340-4a19-8213-3aaa53a79203,9ec7becf-53bb-4142-ac36-45d56d33e8d0,Je suis disponible dans les 3 prochains mois,Je peux me libérer + de 5h/semaine,experience,obtainment,5,0,13,
e3cb68a7-8751-4924-86ab-7f39ef1b27e0,794514a7-7152-4eca-ae8f-b50f53b3b027,f1ec8066-b340-4a19-8213-3aaa53a79203,4d97080a-8c1f-49d6-8e06-e959b7ac0883,Je suis disponible dans les 3 prochains mois,Je peux me libérer + de 5h/semaine,motivation_intrinseque,profile,5,0,25,
e3cb68a7-8751-4924-86ab-7f39ef1b27e0,a8d19e4c-473f-457c-ace2-4edf08822e18,b8649da4-8582-41ac-9e2b-7171602b50b0,631f0ce2-c57a-4905-b512-4c8f8834d8b0,Je suis à l'aise avec les outils numériques,Je me débrouille très bien en général,aisance_numerique,profile,1,0,5,5
e3cb68a7-8751-4924-86ab-7f39ef1b27e0,a8d19e4c-473f-457c-ace2-4edf08822e18,b8649da4-8582-41ac-9e2b-7171602b50b0,500fec05-d255-4799-bb97-8dac12ea17db,Je suis à l'aise avec les outils numériques,Je me débrouille très bien en général,confiance,profile,2,0,18,
e3cb68a7-8751-4924-86ab-7f39ef1b27e0,a8d19e4c-473f-457c-ace2-4edf08822e18,b8649da4-8582-41ac-9e2b-7171602b50b0,b88c9e7f-363a-4ef3-8794-760d28e5783e,Je suis à l'aise avec les outils numériques,Je me débrouille très bien en général,confiance_extrinseque,profile,1,0,5,
e3cb68a7-8751-4924-86ab-7f39ef1b27e0,a8d19e4c-473f-457c-ace2-4edf08822e18,b8649da4-8582-41ac-9e2b-7171602b50b0,738bb852-8cd5-417d-a183-697ee5bf3fd9,Je suis à l'aise avec les outils numériques,Je me débrouille très bien en général,disponibilite,obtainment,3,0,5,
e3cb68a7-8751-4924-86ab-7f39ef1b27e0,a8d19e4c-473f-457c-ace2-4edf08822e18,b8649da4-8582-41ac-9e2b-7171602b50b0,9ec7becf-53bb-4142-ac36-45d56d33e8d0,Je suis à l'aise avec les outils numériques,Je me débrouille très bien en général,experience,obtainment,5,0,13,
e3cb68a7-8751-4924-86ab-7f39ef1b27e0,a8d19e4c-473f-457c-ace2-4edf08822e18,b8649da4-8582-41ac-9e2b-7171602b50b0,4d97080a-8c1f-49d6-8e06-e959b7ac0883,Je suis à l'aise avec les outils numériques,Je me débrouille très bien en général,motivation_intrinseque,profile,5,0,25,
e3cb68a7-8751-4924-86ab-7f39ef1b27e0,a8d19e4c-473f-457c-ace2-4edf08822e18,43b6807f-47dc-463f-8f64-3c23ddf70d1d,631f0ce2-c57a-4905-b512-4c8f8834d8b0,Je suis à l'aise avec les outils numériques,Je finis toujours par m'en sortir,aisance_numerique,profile,1,0,5,4
e3cb68a7-8751-4924-86ab-7f39ef1b27e0,a8d19e4c-473f-457c-ace2-4edf08822e18,43b6807f-47dc-463f-8f64-3c23ddf70d1d,500fec05-d255-4799-bb97-8dac12ea17db,Je suis à l'aise avec les outils numériques,Je finis toujours par m'en sortir,confiance,profile,2,0,18,
e3cb68a7-8751-4924-86ab-7f39ef1b27e0,a8d19e4c-473f-457c-ace2-4edf08822e18,43b6807f-47dc-463f-8f64-3c23ddf70d1d,b88c9e7f-363a-4ef3-8794-760d28e5783e,Je suis à l'aise avec les outils numériques,Je finis toujours par m'en sortir,confiance_extrinseque,profile,1,0,5,
e3cb68a7-8751-4924-86ab-7f39ef1b27e0,a8d19e4c-473f-457c-ace2-4edf08822e18,43b6807f-47dc-463f-8f64-3c23ddf70d1d,738bb852-8cd5-417d-a183-697ee5bf3fd9,Je suis à l'aise avec les outils numériques,Je finis toujours par m'en sortir,disponibilite,obtainment,3,0,5,
e3cb68a7-8751-4924-86ab-7f39ef1b27e0,a8d19e4c-473f-457c-ace2-4edf08822e18,43b6807f-47dc-463f-8f64-3c23ddf70d1d,9ec7becf-53bb-4142-ac36-45d56d33e8d0,Je suis à l'aise avec les outils numériques,Je finis toujours par m'en sortir,experience,obtainment,5,0,13,
e3cb68a7-8751-4924-86ab-7f39ef1b27e0,a8d19e4c-473f-457c-ace2-4edf08822e18,43b6807f-47dc-463f-8f64-3c23ddf70d1d,4d97080a-8c1f-49d6-8e06-e959b7ac0883,Je suis à l'aise avec les outils numériques,Je finis toujours par m'en sortir,motivation_intrinseque,profile,5,0,25,
e3cb68a7-8751-4924-86ab-7f39ef1b27e0,a8d19e4c-473f-457c-ace2-4edf08822e18,001c9384-b933-48d9-8e2d-c9e4dcc1a8a6,631f0ce2-c57a-4905-b512-4c8f8834d8b0,Je suis à l'aise avec les outils numériques,"Si on me fait voir, je m'en sors bien ensuite",aisance_numerique,profile,1,0,5,2
e3cb68a7-8751-4924-86ab-7f39ef1b27e0,a8d19e4c-473f-457c-ace2-4edf08822e18,001c9384-b933-48d9-8e2d-c9e4dcc1a8a6,500fec05-d255-4799-bb97-8dac12ea17db,Je suis à l'aise avec les outils numériques,"Si on me fait voir, je m'en sors bien ensuite",confiance,profile,2,0,18,
e3cb68a7-8751-4924-86ab-7f39ef1b27e0,a8d19e4c-473f-457c-ace2-4edf08822e18,001c9384-b933-48d9-8e2d-c9e4dcc1a8a6,b88c9e7f-363a-4ef3-8794-760d28e5783e,Je suis à l'aise avec les outils numériques,"Si on me fait voir, je m'en sors bien ensuite",confiance_extrinseque,profile,1,0,5,
e3cb68a7-8751-4924-86ab-7f39ef1b27e0,a8d19e4c-473f-457c-ace2-4edf08822e18,001c9384-b933-48d9-8e2d-c9e4dcc1a8a6,738bb852-8cd5-417d-a183-697ee5bf3fd9,Je suis à l'aise avec les outils numériques,"Si on me fait voir, je m'en sors bien ensuite",disponibilite,obtainment,3,0,5,
e3cb68a7-8751-4924-86ab-7f39ef1b27e0,a8d19e4c-473f-457c-ace2-4edf08822e18,001c9384-b933-48d9-8e2d-c9e4dcc1a8a6,9ec7becf-53bb-4142-ac36-45d56d33e8d0,Je suis à l'aise avec les outils numériques,"Si on me fait voir, je m'en sors bien ensuite",experience,obtainment,5,0,13,
e3cb68a7-8751-4924-86ab-7f39ef1b27e0,a8d19e4c-473f-457c-ace2-4edf08822e18,001c9384-b933-48d9-8e2d-c9e4dcc1a8a6,4d97080a-8c1f-49d6-8e06-e959b7ac0883,Je suis à l'aise avec les outils numériques,"Si on me fait voir, je m'en sors bien ensuite",motivation_intrinseque,profile,5,0,25,
e3cb68a7-8751-4924-86ab-7f39ef1b27e0,a8d19e4c-473f-457c-ace2-4edf08822e18,f1ec8066-b340-4a19-8213-3aaa53a79203,631f0ce2-c57a-4905-b512-4c8f8834d8b0,Je suis à l'aise avec les outils numériques,"Non, ce n'est vraiment pas mon truc",aisance_numerique,profile,1,0,5,0
e3cb68a7-8751-4924-86ab-7f39ef1b27e0,a8d19e4c-473f-457c-ace2-4edf08822e18,f1ec8066-b340-4a19-8213-3aaa53a79203,500fec05-d255-4799-bb97-8dac12ea17db,Je suis à l'aise avec les outils numériques,"Non, ce n'est vraiment pas mon truc",confiance,profile,2,0,18,
e3cb68a7-8751-4924-86ab-7f39ef1b27e0,a8d19e4c-473f-457c-ace2-4edf08822e18,f1ec8066-b340-4a19-8213-3aaa53a79203,b88c9e7f-363a-4ef3-8794-760d28e5783e,Je suis à l'aise avec les outils numériques,"Non, ce n'est vraiment pas mon truc",confiance_extrinseque,profile,1,0,5,
e3cb68a7-8751-4924-86ab-7f39ef1b27e0,a8d19e4c-473f-457c-ace2-4edf08822e18,f1ec8066-b340-4a19-8213-3aaa53a79203,738bb852-8cd5-417d-a183-697ee5bf3fd9,Je suis à l'aise avec les outils numériques,"Non, ce n'est vraiment pas mon truc",disponibilite,obtainment,3,0,5,
e3cb68a7-8751-4924-86ab-7f39ef1b27e0,a8d19e4c-473f-457c-ace2-4edf08822e18,f1ec8066-b340-4a19-8213-3aaa53a79203,9ec7becf-53bb-4142-ac36-45d56d33e8d0,Je suis à l'aise avec les outils numériques,"Non, ce n'est vraiment pas mon truc",experience,obtainment,5,0,13,
e3cb68a7-8751-4924-86ab-7f39ef1b27e0,a8d19e4c-473f-457c-ace2-4edf08822e18,f1ec8066-b340-4a19-8213-3aaa53a79203,4d97080a-8c1f-49d6-8e06-e959b7ac0883,Je suis à l'aise avec les outils numériques,"Non, ce n'est vraiment pas mon truc",motivation_intrinseque,profile,5,0,25,
e3cb68a7-8751-4924-86ab-7f39ef1b27e0,2db2aba0-9810-4cc3-a7f2-d08c44b641d0,b8649da4-8582-41ac-9e2b-7171602b50b0,631f0ce2-c57a-4905-b512-4c8f8834d8b0,Je veux avoir mon diplôme pour,Retrouver un emploi,aisance_numerique,profile,1,0,5,
e3cb68a7-8751-4924-86ab-7f39ef1b27e0,2db2aba0-9810-4cc3-a7f2-d08c44b641d0,b8649da4-8582-41ac-9e2b-7171602b50b0,500fec05-d255-4799-bb97-8dac12ea17db,Je veux avoir mon diplôme pour,Retrouver un emploi,confiance,profile,2,0,18,
e3cb68a7-8751-4924-86ab-7f39ef1b27e0,2db2aba0-9810-4cc3-a7f2-d08c44b641d0,b8649da4-8582-41ac-9e2b-7171602b50b0,b88c9e7f-363a-4ef3-8794-760d28e5783e,Je veux avoir mon diplôme pour,Retrouver un emploi,confiance_extrinseque,profile,1,0,5,
e3cb68a7-8751-4924-86ab-7f39ef1b27e0,2db2aba0-9810-4cc3-a7f2-d08c44b641d0,b8649da4-8582-41ac-9e2b-7171602b50b0,738bb852-8cd5-417d-a183-697ee5bf3fd9,Je veux avoir mon diplôme pour,Retrouver un emploi,disponibilite,obtainment,3,0,5,
e3cb68a7-8751-4924-86ab-7f39ef1b27e0,2db2aba0-9810-4cc3-a7f2-d08c44b641d0,b8649da4-8582-41ac-9e2b-7171602b50b0,9ec7becf-53bb-4142-ac36-45d56d33e8d0,Je veux avoir mon diplôme pour,Retrouver un emploi,experience,obtainment,5,0,13,
e3cb68a7-8751-4924-86ab-7f39ef1b27e0,2db2aba0-9810-4cc3-a7f2-d08c44b641d0,b8649da4-8582-41ac-9e2b-7171602b50b0,4d97080a-8c1f-49d6-8e06-e959b7ac0883,Je veux avoir mon diplôme pour,Retrouver un emploi,motivation_intrinseque,profile,5,0,25,5
e3cb68a7-8751-4924-86ab-7f39ef1b27e0,2db2aba0-9810-4cc3-a7f2-d08c44b641d0,43b6807f-47dc-463f-8f64-3c23ddf70d1d,631f0ce2-c57a-4905-b512-4c8f8834d8b0,Je veux avoir mon diplôme pour,Être fier.e de moi,aisance_numerique,profile,1,0,5,
e3cb68a7-8751-4924-86ab-7f39ef1b27e0,2db2aba0-9810-4cc3-a7f2-d08c44b641d0,43b6807f-47dc-463f-8f64-3c23ddf70d1d,500fec05-d255-4799-bb97-8dac12ea17db,Je veux avoir mon diplôme pour,Être fier.e de moi,confiance,profile,2,0,18,-5
e3cb68a7-8751-4924-86ab-7f39ef1b27e0,2db2aba0-9810-4cc3-a7f2-d08c44b641d0,43b6807f-47dc-463f-8f64-3c23ddf70d1d,b88c9e7f-363a-4ef3-8794-760d28e5783e,Je veux avoir mon diplôme pour,Être fier.e de moi,confiance_extrinseque,profile,1,0,5,
e3cb68a7-8751-4924-86ab-7f39ef1b27e0,2db2aba0-9810-4cc3-a7f2-d08c44b641d0,43b6807f-47dc-463f-8f64-3c23ddf70d1d,738bb852-8cd5-417d-a183-697ee5bf3fd9,Je veux avoir mon diplôme pour,Être fier.e de moi,disponibilite,obtainment,3,0,5,
e3cb68a7-8751-4924-86ab-7f39ef1b27e0,2db2aba0-9810-4cc3-a7f2-d08c44b641d0,43b6807f-47dc-463f-8f64-3c23ddf70d1d,9ec7becf-53bb-4142-ac36-45d56d33e8d0,Je veux avoir mon diplôme pour,Être fier.e de moi,experience,obtainment,5,0,13,
e3cb68a7-8751-4924-86ab-7f39ef1b27e0,2db2aba0-9810-4cc3-a7f2-d08c44b641d0,43b6807f-47dc-463f-8f64-3c23ddf70d1d,4d97080a-8c1f-49d6-8e06-e959b7ac0883,Je veux avoir mon diplôme pour,Être fier.e de moi,motivation_intrinseque,profile,5,0,25,5
e3cb68a7-8751-4924-86ab-7f39ef1b27e0,2db2aba0-9810-4cc3-a7f2-d08c44b641d0,001c9384-b933-48d9-8e2d-c9e4dcc1a8a6,631f0ce2-c57a-4905-b512-4c8f8834d8b0,Je veux avoir mon diplôme pour,Changer de métier,aisance_numerique,profile,1,0,5,
e3cb68a7-8751-4924-86ab-7f39ef1b27e0,2db2aba0-9810-4cc3-a7f2-d08c44b641d0,001c9384-b933-48d9-8e2d-c9e4dcc1a8a6,500fec05-d255-4799-bb97-8dac12ea17db,Je veux avoir mon diplôme pour,Changer de métier,confiance,profile,2,0,18,
e3cb68a7-8751-4924-86ab-7f39ef1b27e0,2db2aba0-9810-4cc3-a7f2-d08c44b641d0,001c9384-b933-48d9-8e2d-c9e4dcc1a8a6,b88c9e7f-363a-4ef3-8794-760d28e5783e,Je veux avoir mon diplôme pour,Changer de métier,confiance_extrinseque,profile,1,0,5,
e3cb68a7-8751-4924-86ab-7f39ef1b27e0,2db2aba0-9810-4cc3-a7f2-d08c44b641d0,001c9384-b933-48d9-8e2d-c9e4dcc1a8a6,738bb852-8cd5-417d-a183-697ee5bf3fd9,Je veux avoir mon diplôme pour,Changer de métier,disponibilite,obtainment,3,0,5,
e3cb68a7-8751-4924-86ab-7f39ef1b27e0,2db2aba0-9810-4cc3-a7f2-d08c44b641d0,001c9384-b933-48d9-8e2d-c9e4dcc1a8a6,9ec7becf-53bb-4142-ac36-45d56d33e8d0,Je veux avoir mon diplôme pour,Changer de métier,experience,obtainment,5,0,13,
e3cb68a7-8751-4924-86ab-7f39ef1b27e0,2db2aba0-9810-4cc3-a7f2-d08c44b641d0,001c9384-b933-48d9-8e2d-c9e4dcc1a8a6,4d97080a-8c1f-49d6-8e06-e959b7ac0883,Je veux avoir mon diplôme pour,Changer de métier,motivation_intrinseque,profile,5,0,25,5
e3cb68a7-8751-4924-86ab-7f39ef1b27e0,2db2aba0-9810-4cc3-a7f2-d08c44b641d0,f1ec8066-b340-4a19-8213-3aaa53a79203,631f0ce2-c57a-4905-b512-4c8f8834d8b0,Je veux avoir mon diplôme pour,Avoir un meilleur poste dans mon entreprise,aisance_numerique,profile,1,0,5,
e3cb68a7-8751-4924-86ab-7f39ef1b27e0,2db2aba0-9810-4cc3-a7f2-d08c44b641d0,f1ec8066-b340-4a19-8213-3aaa53a79203,500fec05-d255-4799-bb97-8dac12ea17db,Je veux avoir mon diplôme pour,Avoir un meilleur poste dans mon entreprise,confiance,profile,2,0,18,
e3cb68a7-8751-4924-86ab-7f39ef1b27e0,2db2aba0-9810-4cc3-a7f2-d08c44b641d0,f1ec8066-b340-4a19-8213-3aaa53a79203,b88c9e7f-363a-4ef3-8794-760d28e5783e,Je veux avoir mon diplôme pour,Avoir un meilleur poste dans mon entreprise,confiance_extrinseque,profile,1,0,5,
e3cb68a7-8751-4924-86ab-7f39ef1b27e0,2db2aba0-9810-4cc3-a7f2-d08c44b641d0,f1ec8066-b340-4a19-8213-3aaa53a79203,738bb852-8cd5-417d-a183-697ee5bf3fd9,Je veux avoir mon diplôme pour,Avoir un meilleur poste dans mon entreprise,disponibilite,obtainment,3,0,5,
e3cb68a7-8751-4924-86ab-7f39ef1b27e0,2db2aba0-9810-4cc3-a7f2-d08c44b641d0,f1ec8066-b340-4a19-8213-3aaa53a79203,9ec7becf-53bb-4142-ac36-45d56d33e8d0,Je veux avoir mon diplôme pour,Avoir un meilleur poste dans mon entreprise,experience,obtainment,5,0,13,
e3cb68a7-8751-4924-86ab-7f39ef1b27e0,2db2aba0-9810-4cc3-a7f2-d08c44b641d0,f1ec8066-b340-4a19-8213-3aaa53a79203,4d97080a-8c1f-49d6-8e06-e959b7ac0883,Je veux avoir mon diplôme pour,Avoir un meilleur poste dans mon entreprise,motivation_intrinseque,profile,5,0,25,5
e3cb68a7-8751-4924-86ab-7f39ef1b27e0,2db2aba0-9810-4cc3-a7f2-d08c44b641d0,f9c035ad-339e-4461-91e2-1b58121bd409,631f0ce2-c57a-4905-b512-4c8f8834d8b0,Je veux avoir mon diplôme pour,Qu'on reconnaisse mes compétences,aisance_numerique,profile,1,0,5,
e3cb68a7-8751-4924-86ab-7f39ef1b27e0,2db2aba0-9810-4cc3-a7f2-d08c44b641d0,f9c035ad-339e-4461-91e2-1b58121bd409,500fec05-d255-4799-bb97-8dac12ea17db,Je veux avoir mon diplôme pour,Qu'on reconnaisse mes compétences,confiance,profile,2,0,18,3
e3cb68a7-8751-4924-86ab-7f39ef1b27e0,2db2aba0-9810-4cc3-a7f2-d08c44b641d0,f9c035ad-339e-4461-91e2-1b58121bd409,b88c9e7f-363a-4ef3-8794-760d28e5783e,Je veux avoir mon diplôme pour,Qu'on reconnaisse mes compétences,confiance_extrinseque,profile,1,0,5,
e3cb68a7-8751-4924-86ab-7f39ef1b27e0,2db2aba0-9810-4cc3-a7f2-d08c44b641d0,f9c035ad-339e-4461-91e2-1b58121bd409,738bb852-8cd5-417d-a183-697ee5bf3fd9,Je veux avoir mon diplôme pour,Qu'on reconnaisse mes compétences,disponibilite,obtainment,3,0,5,
e3cb68a7-8751-4924-86ab-7f39ef1b27e0,2db2aba0-9810-4cc3-a7f2-d08c44b641d0,f9c035ad-339e-4461-91e2-1b58121bd409,9ec7becf-53bb-4142-ac36-45d56d33e8d0,Je veux avoir mon diplôme pour,Qu'on reconnaisse mes compétences,experience,obtainment,5,0,13,
e3cb68a7-8751-4924-86ab-7f39ef1b27e0,2db2aba0-9810-4cc3-a7f2-d08c44b641d0,f9c035ad-339e-4461-91e2-1b58121bd409,4d97080a-8c1f-49d6-8e06-e959b7ac0883,Je veux avoir mon diplôme pour,Qu'on reconnaisse mes compétences,motivation_intrinseque,profile,5,0,25,
e3cb68a7-8751-4924-86ab-7f39ef1b27e0,2db2aba0-9810-4cc3-a7f2-d08c44b641d0,4ab673a2-d45e-41a6-84cd-3eebba17cd3a,631f0ce2-c57a-4905-b512-4c8f8834d8b0,Je veux avoir mon diplôme pour,Créer mon entreprise,aisance_numerique,profile,1,0,5,
e3cb68a7-8751-4924-86ab-7f39ef1b27e0,2db2aba0-9810-4cc3-a7f2-d08c44b641d0,4ab673a2-d45e-41a6-84cd-3eebba17cd3a,500fec05-d255-4799-bb97-8dac12ea17db,Je veux avoir mon diplôme pour,Créer mon entreprise,confiance,profile,2,0,18,
e3cb68a7-8751-4924-86ab-7f39ef1b27e0,2db2aba0-9810-4cc3-a7f2-d08c44b641d0,4ab673a2-d45e-41a6-84cd-3eebba17cd3a,b88c9e7f-363a-4ef3-8794-760d28e5783e,Je veux avoir mon diplôme pour,Créer mon entreprise,confiance_extrinseque,profile,1,0,5,
e3cb68a7-8751-4924-86ab-7f39ef1b27e0,2db2aba0-9810-4cc3-a7f2-d08c44b641d0,4ab673a2-d45e-41a6-84cd-3eebba17cd3a,738bb852-8cd5-417d-a183-697ee5bf3fd9,Je veux avoir mon diplôme pour,Créer mon entreprise,disponibilite,obtainment,3,0,5,
e3cb68a7-8751-4924-86ab-7f39ef1b27e0,2db2aba0-9810-4cc3-a7f2-d08c44b641d0,4ab673a2-d45e-41a6-84cd-3eebba17cd3a,9ec7becf-53bb-4142-ac36-45d56d33e8d0,Je veux avoir mon diplôme pour,Créer mon entreprise,experience,obtainment,5,0,13,
e3cb68a7-8751-4924-86ab-7f39ef1b27e0,2db2aba0-9810-4cc3-a7f2-d08c44b641d0,4ab673a2-d45e-41a6-84cd-3eebba17cd3a,4d97080a-8c1f-49d6-8e06-e959b7ac0883,Je veux avoir mon diplôme pour,Créer mon entreprise,motivation_intrinseque,profile,5,0,25,5
e3cb68a7-8751-4924-86ab-7f39ef1b27e0,2db2aba0-9810-4cc3-a7f2-d08c44b641d0,6cebc878-f9b2-4895-9275-88a1f24e3805,631f0ce2-c57a-4905-b512-4c8f8834d8b0,Je veux avoir mon diplôme pour,Gagner plus d'argent,aisance_numerique,profile,1,0,5,
e3cb68a7-8751-4924-86ab-7f39ef1b27e0,2db2aba0-9810-4cc3-a7f2-d08c44b641d0,6cebc878-f9b2-4895-9275-88a1f24e3805,500fec05-d255-4799-bb97-8dac12ea17db,Je veux avoir mon diplôme pour,Gagner plus d'argent,confiance,profile,2,0,18,
e3cb68a7-8751-4924-86ab-7f39ef1b27e0,2db2aba0-9810-4cc3-a7f2-d08c44b641d0,6cebc878-f9b2-4895-9275-88a1f24e3805,b88c9e7f-363a-4ef3-8794-760d28e5783e,Je veux avoir mon diplôme pour,Gagner plus d'argent,confiance_extrinseque,profile,1,0,5,
e3cb68a7-8751-4924-86ab-7f39ef1b27e0,2db2aba0-9810-4cc3-a7f2-d08c44b641d0,6cebc878-f9b2-4895-9275-88a1f24e3805,738bb852-8cd5-417d-a183-697ee5bf3fd9,Je veux avoir mon diplôme pour,Gagner plus d'argent,disponibilite,obtainment,3,0,5,
e3cb68a7-8751-4924-86ab-7f39ef1b27e0,2db2aba0-9810-4cc3-a7f2-d08c44b641d0,6cebc878-f9b2-4895-9275-88a1f24e3805,9ec7becf-53bb-4142-ac36-45d56d33e8d0,Je veux avoir mon diplôme pour,Gagner plus d'argent,experience,obtainment,5,0,13,
e3cb68a7-8751-4924-86ab-7f39ef1b27e0,2db2aba0-9810-4cc3-a7f2-d08c44b641d0,6cebc878-f9b2-4895-9275-88a1f24e3805,4d97080a-8c1f-49d6-8e06-e959b7ac0883,Je veux avoir mon diplôme pour,Gagner plus d'argent,motivation_intrinseque,profile,5,0,25,5
e3cb68a7-8751-4924-86ab-7f39ef1b27e0,2db2aba0-9810-4cc3-a7f2-d08c44b641d0,0ddd58a8-dd93-4a12-ba97-022145ffbc5c,631f0ce2-c57a-4905-b512-4c8f8834d8b0,Je veux avoir mon diplôme pour,Entrer en formation ensuite,aisance_numerique,profile,1,0,5,
e3cb68a7-8751-4924-86ab-7f39ef1b27e0,2db2aba0-9810-4cc3-a7f2-d08c44b641d0,0ddd58a8-dd93-4a12-ba97-022145ffbc5c,500fec05-d255-4799-bb97-8dac12ea17db,Je veux avoir mon diplôme pour,Entrer en formation ensuite,confiance,profile,2,0,18,
e3cb68a7-8751-4924-86ab-7f39ef1b27e0,2db2aba0-9810-4cc3-a7f2-d08c44b641d0,0ddd58a8-dd93-4a12-ba97-022145ffbc5c,b88c9e7f-363a-4ef3-8794-760d28e5783e,Je veux avoir mon diplôme pour,Entrer en formation ensuite,confiance_extrinseque,profile,1,0,5,
e3cb68a7-8751-4924-86ab-7f39ef1b27e0,2db2aba0-9810-4cc3-a7f2-d08c44b641d0,0ddd58a8-dd93-4a12-ba97-022145ffbc5c,738bb852-8cd5-417d-a183-697ee5bf3fd9,Je veux avoir mon diplôme pour,Entrer en formation ensuite,disponibilite,obtainment,3,0,5,
e3cb68a7-8751-4924-86ab-7f39ef1b27e0,2db2aba0-9810-4cc3-a7f2-d08c44b641d0,0ddd58a8-dd93-4a12-ba97-022145ffbc5c,9ec7becf-53bb-4142-ac36-45d56d33e8d0,Je veux avoir mon diplôme pour,Entrer en formation ensuite,experience,obtainment,5,0,13,
e3cb68a7-8751-4924-86ab-7f39ef1b27e0,2db2aba0-9810-4cc3-a7f2-d08c44b641d0,0ddd58a8-dd93-4a12-ba97-022145ffbc5c,4d97080a-8c1f-49d6-8e06-e959b7ac0883,Je veux avoir mon diplôme pour,Entrer en formation ensuite,motivation_intrinseque,profile,5,0,25,5
e3cb68a7-8751-4924-86ab-7f39ef1b27e0,83434480-8bb1-474f-bda8-f9d1fac6c41a,8db15afd-16da-4c7b-adda-f3f65fb9395d,631f0ce2-c57a-4905-b512-4c8f8834d8b0,"Pour moi, avoir un diplôme, ça veut dire :",Que j'ai plus de chance d'avoir un emploi,aisance_numerique,profile,1,0,5,
e3cb68a7-8751-4924-86ab-7f39ef1b27e0,83434480-8bb1-474f-bda8-f9d1fac6c41a,8db15afd-16da-4c7b-adda-f3f65fb9395d,500fec05-d255-4799-bb97-8dac12ea17db,"Pour moi, avoir un diplôme, ça veut dire :",Que j'ai plus de chance d'avoir un emploi,confiance,profile,2,0,18,
e3cb68a7-8751-4924-86ab-7f39ef1b27e0,83434480-8bb1-474f-bda8-f9d1fac6c41a,8db15afd-16da-4c7b-adda-f3f65fb9395d,b88c9e7f-363a-4ef3-8794-760d28e5783e,"Pour moi, avoir un diplôme, ça veut dire :",Que j'ai plus de chance d'avoir un emploi,confiance_extrinseque,profile,1,0,5,
e3cb68a7-8751-4924-86ab-7f39ef1b27e0,83434480-8bb1-474f-bda8-f9d1fac6c41a,8db15afd-16da-4c7b-adda-f3f65fb9395d,738bb852-8cd5-417d-a183-697ee5bf3fd9,"Pour moi, avoir un diplôme, ça veut dire :",Que j'ai plus de chance d'avoir un emploi,disponibilite,obtainment,3,0,5,
e3cb68a7-8751-4924-86ab-7f39ef1b27e0,83434480-8bb1-474f-bda8-f9d1fac6c41a,8db15afd-16da-4c7b-adda-f3f65fb9395d,9ec7becf-53bb-4142-ac36-45d56d33e8d0,"Pour moi, avoir un diplôme, ça veut dire :",Que j'ai plus de chance d'avoir un emploi,experience,obtainment,5,0,13,
e3cb68a7-8751-4924-86ab-7f39ef1b27e0,83434480-8bb1-474f-bda8-f9d1fac6c41a,8db15afd-16da-4c7b-adda-f3f65fb9395d,4d97080a-8c1f-49d6-8e06-e959b7ac0883,"Pour moi, avoir un diplôme, ça veut dire :",Que j'ai plus de chance d'avoir un emploi,motivation_intrinseque,profile,5,0,25,5
e3cb68a7-8751-4924-86ab-7f39ef1b27e0,83434480-8bb1-474f-bda8-f9d1fac6c41a,e76d1726-6744-4fb2-b63b-52bc26711248,631f0ce2-c57a-4905-b512-4c8f8834d8b0,"Pour moi, avoir un diplôme, ça veut dire :",Que j'ai des compétences reconnues,aisance_numerique,profile,1,0,5,
e3cb68a7-8751-4924-86ab-7f39ef1b27e0,83434480-8bb1-474f-bda8-f9d1fac6c41a,e76d1726-6744-4fb2-b63b-52bc26711248,500fec05-d255-4799-bb97-8dac12ea17db,"Pour moi, avoir un diplôme, ça veut dire :",Que j'ai des compétences reconnues,confiance,profile,2,0,18,
e3cb68a7-8751-4924-86ab-7f39ef1b27e0,83434480-8bb1-474f-bda8-f9d1fac6c41a,e76d1726-6744-4fb2-b63b-52bc26711248,b88c9e7f-363a-4ef3-8794-760d28e5783e,"Pour moi, avoir un diplôme, ça veut dire :",Que j'ai des compétences reconnues,confiance_extrinseque,profile,1,0,5,
e3cb68a7-8751-4924-86ab-7f39ef1b27e0,83434480-8bb1-474f-bda8-f9d1fac6c41a,e76d1726-6744-4fb2-b63b-52bc26711248,738bb852-8cd5-417d-a183-697ee5bf3fd9,"Pour moi, avoir un diplôme, ça veut dire :",Que j'ai des compétences reconnues,disponibilite,obtainment,3,0,5,
e3cb68a7-8751-4924-86ab-7f39ef1b27e0,83434480-8bb1-474f-bda8-f9d1fac6c41a,e76d1726-6744-4fb2-b63b-52bc26711248,9ec7becf-53bb-4142-ac36-45d56d33e8d0,"Pour moi, avoir un diplôme, ça veut dire :",Que j'ai des compétences reconnues,experience,obtainment,5,0,13,
e3cb68a7-8751-4924-86ab-7f39ef1b27e0,83434480-8bb1-474f-bda8-f9d1fac6c41a,e76d1726-6744-4fb2-b63b-52bc26711248,4d97080a-8c1f-49d6-8e06-e959b7ac0883,"Pour moi, avoir un diplôme, ça veut dire :",Que j'ai des compétences reconnues,motivation_intrinseque,profile,5,0,25,3
e3cb68a7-8751-4924-86ab-7f39ef1b27e0,83434480-8bb1-474f-bda8-f9d1fac6c41a,328126be-7d6b-459b-b95c-5ed57b3ac17f,631f0ce2-c57a-4905-b512-4c8f8834d8b0,"Pour moi, avoir un diplôme, ça veut dire :",Que j'aurai un meilleur salaire,aisance_numerique,profile,1,0,5,
e3cb68a7-8751-4924-86ab-7f39ef1b27e0,83434480-8bb1-474f-bda8-f9d1fac6c41a,328126be-7d6b-459b-b95c-5ed57b3ac17f,500fec05-d255-4799-bb97-8dac12ea17db,"Pour moi, avoir un diplôme, ça veut dire :",Que j'aurai un meilleur salaire,confiance,profile,2,0,18,
e3cb68a7-8751-4924-86ab-7f39ef1b27e0,83434480-8bb1-474f-bda8-f9d1fac6c41a,328126be-7d6b-459b-b95c-5ed57b3ac17f,b88c9e7f-363a-4ef3-8794-760d28e5783e,"Pour moi, avoir un diplôme, ça veut dire :",Que j'aurai un meilleur salaire,confiance_extrinseque,profile,1,0,5,
e3cb68a7-8751-4924-86ab-7f39ef1b27e0,83434480-8bb1-474f-bda8-f9d1fac6c41a,328126be-7d6b-459b-b95c-5ed57b3ac17f,738bb852-8cd5-417d-a183-697ee5bf3fd9,"Pour moi, avoir un diplôme, ça veut dire :",Que j'aurai un meilleur salaire,disponibilite,obtainment,3,0,5,
e3cb68a7-8751-4924-86ab-7f39ef1b27e0,83434480-8bb1-474f-bda8-f9d1fac6c41a,328126be-7d6b-459b-b95c-5ed57b3ac17f,9ec7becf-53bb-4142-ac36-45d56d33e8d0,"Pour moi, avoir un diplôme, ça veut dire :",Que j'aurai un meilleur salaire,experience,obtainment,5,0,13,
e3cb68a7-8751-4924-86ab-7f39ef1b27e0,83434480-8bb1-474f-bda8-f9d1fac6c41a,328126be-7d6b-459b-b95c-5ed57b3ac17f,4d97080a-8c1f-49d6-8e06-e959b7ac0883,"Pour moi, avoir un diplôme, ça veut dire :",Que j'aurai un meilleur salaire,motivation_intrinseque,profile,5,0,25,4
e3cb68a7-8751-4924-86ab-7f39ef1b27e0,83434480-8bb1-474f-bda8-f9d1fac6c41a,28211075-fad7-46f9-97d9-2f1494cd8790,631f0ce2-c57a-4905-b512-4c8f8834d8b0,"Pour moi, avoir un diplôme, ça veut dire :",Que j'aurai un poste de niveau supérieur,aisance_numerique,profile,1,0,5,
e3cb68a7-8751-4924-86ab-7f39ef1b27e0,83434480-8bb1-474f-bda8-f9d1fac6c41a,28211075-fad7-46f9-97d9-2f1494cd8790,500fec05-d255-4799-bb97-8dac12ea17db,"Pour moi, avoir un diplôme, ça veut dire :",Que j'aurai un poste de niveau supérieur,confiance,profile,2,0,18,
e3cb68a7-8751-4924-86ab-7f39ef1b27e0,83434480-8bb1-474f-bda8-f9d1fac6c41a,28211075-fad7-46f9-97d9-2f1494cd8790,b88c9e7f-363a-4ef3-8794-760d28e5783e,"Pour moi, avoir un diplôme, ça veut dire :",Que j'aurai un poste de niveau supérieur,confiance_extrinseque,profile,1,0,5,
e3cb68a7-8751-4924-86ab-7f39ef1b27e0,83434480-8bb1-474f-bda8-f9d1fac6c41a,28211075-fad7-46f9-97d9-2f1494cd8790,738bb852-8cd5-417d-a183-697ee5bf3fd9,"Pour moi, avoir un diplôme, ça veut dire :",Que j'aurai un poste de niveau supérieur,disponibilite,obtainment,3,0,5,
e3cb68a7-8751-4924-86ab-7f39ef1b27e0,83434480-8bb1-474f-bda8-f9d1fac6c41a,28211075-fad7-46f9-97d9-2f1494cd8790,9ec7becf-53bb-4142-ac36-45d56d33e8d0,"Pour moi, avoir un diplôme, ça veut dire :",Que j'aurai un poste de niveau supérieur,experience,obtainment,5,0,13,
e3cb68a7-8751-4924-86ab-7f39ef1b27e0,83434480-8bb1-474f-bda8-f9d1fac6c41a,28211075-fad7-46f9-97d9-2f1494cd8790,4d97080a-8c1f-49d6-8e06-e959b7ac0883,"Pour moi, avoir un diplôme, ça veut dire :",Que j'aurai un poste de niveau supérieur,motivation_intrinseque,profile,5,0,25,2
e3cb68a7-8751-4924-86ab-7f39ef1b27e0,7cef9f3e-70dc-40d7-8975-01a0e98d4c50,44393d33-2e6d-4841-a2b7-c82554bc0014,631f0ce2-c57a-4905-b512-4c8f8834d8b0,"Pour moi, avoir un emploi, c'est :",Une obligation pour avoir un revenu,aisance_numerique,profile,1,0,5,
e3cb68a7-8751-4924-86ab-7f39ef1b27e0,7cef9f3e-70dc-40d7-8975-01a0e98d4c50,44393d33-2e6d-4841-a2b7-c82554bc0014,500fec05-d255-4799-bb97-8dac12ea17db,"Pour moi, avoir un emploi, c'est :",Une obligation pour avoir un revenu,confiance,profile,2,0,18,
e3cb68a7-8751-4924-86ab-7f39ef1b27e0,7cef9f3e-70dc-40d7-8975-01a0e98d4c50,44393d33-2e6d-4841-a2b7-c82554bc0014,b88c9e7f-363a-4ef3-8794-760d28e5783e,"Pour moi, avoir un emploi, c'est :",Une obligation pour avoir un revenu,confiance_extrinseque,profile,1,0,5,
e3cb68a7-8751-4924-86ab-7f39ef1b27e0,7cef9f3e-70dc-40d7-8975-01a0e98d4c50,44393d33-2e6d-4841-a2b7-c82554bc0014,738bb852-8cd5-417d-a183-697ee5bf3fd9,"Pour moi, avoir un emploi, c'est :",Une obligation pour avoir un revenu,disponibilite,obtainment,3,0,5,
e3cb68a7-8751-4924-86ab-7f39ef1b27e0,7cef9f3e-70dc-40d7-8975-01a0e98d4c50,44393d33-2e6d-4841-a2b7-c82554bc0014,9ec7becf-53bb-4142-ac36-45d56d33e8d0,"Pour moi, avoir un emploi, c'est :",Une obligation pour avoir un revenu,experience,obtainment,5,0,13,
e3cb68a7-8751-4924-86ab-7f39ef1b27e0,7cef9f3e-70dc-40d7-8975-01a0e98d4c50,44393d33-2e6d-4841-a2b7-c82554bc0014,4d97080a-8c1f-49d6-8e06-e959b7ac0883,"Pour moi, avoir un emploi, c'est :",Une obligation pour avoir un revenu,motivation_intrinseque,profile,5,0,25,5
e3cb68a7-8751-4924-86ab-7f39ef1b27e0,7cef9f3e-70dc-40d7-8975-01a0e98d4c50,0f4b9f41-1316-4d2b-af6d-c15414a462b8,631f0ce2-c57a-4905-b512-4c8f8834d8b0,"Pour moi, avoir un emploi, c'est :",Un moyen de m'épanouir ,aisance_numerique,profile,1,0,5,
e3cb68a7-8751-4924-86ab-7f39ef1b27e0,7cef9f3e-70dc-40d7-8975-01a0e98d4c50,0f4b9f41-1316-4d2b-af6d-c15414a462b8,500fec05-d255-4799-bb97-8dac12ea17db,"Pour moi, avoir un emploi, c'est :",Un moyen de m'épanouir ,confiance,profile,2,0,18,
e3cb68a7-8751-4924-86ab-7f39ef1b27e0,7cef9f3e-70dc-40d7-8975-01a0e98d4c50,0f4b9f41-1316-4d2b-af6d-c15414a462b8,b88c9e7f-363a-4ef3-8794-760d28e5783e,"Pour moi, avoir un emploi, c'est :",Un moyen de m'épanouir ,confiance_extrinseque,profile,1,0,5,
e3cb68a7-8751-4924-86ab-7f39ef1b27e0,7cef9f3e-70dc-40d7-8975-01a0e98d4c50,0f4b9f41-1316-4d2b-af6d-c15414a462b8,738bb852-8cd5-417d-a183-697ee5bf3fd9,"Pour moi, avoir un emploi, c'est :",Un moyen de m'épanouir ,disponibilite,obtainment,3,0,5,
e3cb68a7-8751-4924-86ab-7f39ef1b27e0,7cef9f3e-70dc-40d7-8975-01a0e98d4c50,0f4b9f41-1316-4d2b-af6d-c15414a462b8,9ec7becf-53bb-4142-ac36-45d56d33e8d0,"Pour moi, avoir un emploi, c'est :",Un moyen de m'épanouir ,experience,obtainment,5,0,13,
e3cb68a7-8751-4924-86ab-7f39ef1b27e0,7cef9f3e-70dc-40d7-8975-01a0e98d4c50,0f4b9f41-1316-4d2b-af6d-c15414a462b8,4d97080a-8c1f-49d6-8e06-e959b7ac0883,"Pour moi, avoir un emploi, c'est :",Un moyen de m'épanouir ,motivation_intrinseque,profile,5,0,25,3
e3cb68a7-8751-4924-86ab-7f39ef1b27e0,7cef9f3e-70dc-40d7-8975-01a0e98d4c50,13f38b8d-c4c0-4552-9455-9e6d84d8c08a,631f0ce2-c57a-4905-b512-4c8f8834d8b0,"Pour moi, avoir un emploi, c'est :",Un moyen d'être reconnu,aisance_numerique,profile,1,0,5,
e3cb68a7-8751-4924-86ab-7f39ef1b27e0,7cef9f3e-70dc-40d7-8975-01a0e98d4c50,13f38b8d-c4c0-4552-9455-9e6d84d8c08a,500fec05-d255-4799-bb97-8dac12ea17db,"Pour moi, avoir un emploi, c'est :",Un moyen d'être reconnu,confiance,profile,2,0,18,
e3cb68a7-8751-4924-86ab-7f39ef1b27e0,7cef9f3e-70dc-40d7-8975-01a0e98d4c50,13f38b8d-c4c0-4552-9455-9e6d84d8c08a,b88c9e7f-363a-4ef3-8794-760d28e5783e,"Pour moi, avoir un emploi, c'est :",Un moyen d'être reconnu,confiance_extrinseque,profile,1,0,5,
e3cb68a7-8751-4924-86ab-7f39ef1b27e0,7cef9f3e-70dc-40d7-8975-01a0e98d4c50,13f38b8d-c4c0-4552-9455-9e6d84d8c08a,738bb852-8cd5-417d-a183-697ee5bf3fd9,"Pour moi, avoir un emploi, c'est :",Un moyen d'être reconnu,disponibilite,obtainment,3,0,5,
e3cb68a7-8751-4924-86ab-7f39ef1b27e0,7cef9f3e-70dc-40d7-8975-01a0e98d4c50,13f38b8d-c4c0-4552-9455-9e6d84d8c08a,9ec7becf-53bb-4142-ac36-45d56d33e8d0,"Pour moi, avoir un emploi, c'est :",Un moyen d'être reconnu,experience,obtainment,5,0,13,
e3cb68a7-8751-4924-86ab-7f39ef1b27e0,7cef9f3e-70dc-40d7-8975-01a0e98d4c50,13f38b8d-c4c0-4552-9455-9e6d84d8c08a,4d97080a-8c1f-49d6-8e06-e959b7ac0883,"Pour moi, avoir un emploi, c'est :",Un moyen d'être reconnu,motivation_intrinseque,profile,5,0,25,4
e3cb68a7-8751-4924-86ab-7f39ef1b27e0,7cef9f3e-70dc-40d7-8975-01a0e98d4c50,5c850581-d227-49ba-8c2e-b72d59f2acb5,631f0ce2-c57a-4905-b512-4c8f8834d8b0,"Pour moi, avoir un emploi, c'est :",Avoir une occupation,aisance_numerique,profile,1,0,5,
e3cb68a7-8751-4924-86ab-7f39ef1b27e0,7cef9f3e-70dc-40d7-8975-01a0e98d4c50,5c850581-d227-49ba-8c2e-b72d59f2acb5,500fec05-d255-4799-bb97-8dac12ea17db,"Pour moi, avoir un emploi, c'est :",Avoir une occupation,confiance,profile,2,0,18,
e3cb68a7-8751-4924-86ab-7f39ef1b27e0,7cef9f3e-70dc-40d7-8975-01a0e98d4c50,5c850581-d227-49ba-8c2e-b72d59f2acb5,b88c9e7f-363a-4ef3-8794-760d28e5783e,"Pour moi, avoir un emploi, c'est :",Avoir une occupation,confiance_extrinseque,profile,1,0,5,
e3cb68a7-8751-4924-86ab-7f39ef1b27e0,7cef9f3e-70dc-40d7-8975-01a0e98d4c50,5c850581-d227-49ba-8c2e-b72d59f2acb5,738bb852-8cd5-417d-a183-697ee5bf3fd9,"Pour moi, avoir un emploi, c'est :",Avoir une occupation,disponibilite,obtainment,3,0,5,
e3cb68a7-8751-4924-86ab-7f39ef1b27e0,7cef9f3e-70dc-40d7-8975-01a0e98d4c50,5c850581-d227-49ba-8c2e-b72d59f2acb5,9ec7becf-53bb-4142-ac36-45d56d33e8d0,"Pour moi, avoir un emploi, c'est :",Avoir une occupation,experience,obtainment,5,0,13,
e3cb68a7-8751-4924-86ab-7f39ef1b27e0,7cef9f3e-70dc-40d7-8975-01a0e98d4c50,5c850581-d227-49ba-8c2e-b72d59f2acb5,4d97080a-8c1f-49d6-8e06-e959b7ac0883,"Pour moi, avoir un emploi, c'est :",Avoir une occupation,motivation_intrinseque,profile,5,0,25,2
e3cb68a7-8751-4924-86ab-7f39ef1b27e0,38c1b124-524c-4e18-8ed7-5414d62df161,56267fb9-b9ef-4fdb-9366-85b7891a5bf2,631f0ce2-c57a-4905-b512-4c8f8834d8b0,Participer à cette démarche VAE pour avoir mon diplôme :,Ça me paraît très difficile,aisance_numerique,profile,1,0,5,
e3cb68a7-8751-4924-86ab-7f39ef1b27e0,38c1b124-524c-4e18-8ed7-5414d62df161,56267fb9-b9ef-4fdb-9366-85b7891a5bf2,500fec05-d255-4799-bb97-8dac12ea17db,Participer à cette démarche VAE pour avoir mon diplôme :,Ça me paraît très difficile,confiance,profile,2,0,18,-2
e3cb68a7-8751-4924-86ab-7f39ef1b27e0,38c1b124-524c-4e18-8ed7-5414d62df161,56267fb9-b9ef-4fdb-9366-85b7891a5bf2,b88c9e7f-363a-4ef3-8794-760d28e5783e,Participer à cette démarche VAE pour avoir mon diplôme :,Ça me paraît très difficile,confiance_extrinseque,profile,1,0,5,
e3cb68a7-8751-4924-86ab-7f39ef1b27e0,38c1b124-524c-4e18-8ed7-5414d62df161,56267fb9-b9ef-4fdb-9366-85b7891a5bf2,738bb852-8cd5-417d-a183-697ee5bf3fd9,Participer à cette démarche VAE pour avoir mon diplôme :,Ça me paraît très difficile,disponibilite,obtainment,3,0,5,
e3cb68a7-8751-4924-86ab-7f39ef1b27e0,38c1b124-524c-4e18-8ed7-5414d62df161,56267fb9-b9ef-4fdb-9366-85b7891a5bf2,9ec7becf-53bb-4142-ac36-45d56d33e8d0,Participer à cette démarche VAE pour avoir mon diplôme :,Ça me paraît très difficile,experience,obtainment,5,0,13,
e3cb68a7-8751-4924-86ab-7f39ef1b27e0,38c1b124-524c-4e18-8ed7-5414d62df161,56267fb9-b9ef-4fdb-9366-85b7891a5bf2,4d97080a-8c1f-49d6-8e06-e959b7ac0883,Participer à cette démarche VAE pour avoir mon diplôme :,Ça me paraît très difficile,motivation_intrinseque,profile,5,0,25,-2
e3cb68a7-8751-4924-86ab-7f39ef1b27e0,38c1b124-524c-4e18-8ed7-5414d62df161,1a86a6c3-251e-4479-89b1-fd0e9ae807c5,631f0ce2-c57a-4905-b512-4c8f8834d8b0,Participer à cette démarche VAE pour avoir mon diplôme :,Ça me paraît difficile,aisance_numerique,profile,1,0,5,
e3cb68a7-8751-4924-86ab-7f39ef1b27e0,38c1b124-524c-4e18-8ed7-5414d62df161,1a86a6c3-251e-4479-89b1-fd0e9ae807c5,500fec05-d255-4799-bb97-8dac12ea17db,Participer à cette démarche VAE pour avoir mon diplôme :,Ça me paraît difficile,confiance,profile,2,0,18,-1
e3cb68a7-8751-4924-86ab-7f39ef1b27e0,38c1b124-524c-4e18-8ed7-5414d62df161,1a86a6c3-251e-4479-89b1-fd0e9ae807c5,b88c9e7f-363a-4ef3-8794-760d28e5783e,Participer à cette démarche VAE pour avoir mon diplôme :,Ça me paraît difficile,confiance_extrinseque,profile,1,0,5,
e3cb68a7-8751-4924-86ab-7f39ef1b27e0,38c1b124-524c-4e18-8ed7-5414d62df161,1a86a6c3-251e-4479-89b1-fd0e9ae807c5,738bb852-8cd5-417d-a183-697ee5bf3fd9,Participer à cette démarche VAE pour avoir mon diplôme :,Ça me paraît difficile,disponibilite,obtainment,3,0,5,
e3cb68a7-8751-4924-86ab-7f39ef1b27e0,38c1b124-524c-4e18-8ed7-5414d62df161,1a86a6c3-251e-4479-89b1-fd0e9ae807c5,9ec7becf-53bb-4142-ac36-45d56d33e8d0,Participer à cette démarche VAE pour avoir mon diplôme :,Ça me paraît difficile,experience,obtainment,5,0,13,
e3cb68a7-8751-4924-86ab-7f39ef1b27e0,38c1b124-524c-4e18-8ed7-5414d62df161,1a86a6c3-251e-4479-89b1-fd0e9ae807c5,4d97080a-8c1f-49d6-8e06-e959b7ac0883,Participer à cette démarche VAE pour avoir mon diplôme :,Ça me paraît difficile,motivation_intrinseque,profile,5,0,25,-1
e3cb68a7-8751-4924-86ab-7f39ef1b27e0,38c1b124-524c-4e18-8ed7-5414d62df161,cf0cb911-627f-459b-8511-7190081082b4,631f0ce2-c57a-4905-b512-4c8f8834d8b0,Participer à cette démarche VAE pour avoir mon diplôme :,Ça me paraît facile,aisance_numerique,profile,1,0,5,
e3cb68a7-8751-4924-86ab-7f39ef1b27e0,38c1b124-524c-4e18-8ed7-5414d62df161,cf0cb911-627f-459b-8511-7190081082b4,500fec05-d255-4799-bb97-8dac12ea17db,Participer à cette démarche VAE pour avoir mon diplôme :,Ça me paraît facile,confiance,profile,2,0,18,2
e3cb68a7-8751-4924-86ab-7f39ef1b27e0,38c1b124-524c-4e18-8ed7-5414d62df161,cf0cb911-627f-459b-8511-7190081082b4,b88c9e7f-363a-4ef3-8794-760d28e5783e,Participer à cette démarche VAE pour avoir mon diplôme :,Ça me paraît facile,confiance_extrinseque,profile,1,0,5,
e3cb68a7-8751-4924-86ab-7f39ef1b27e0,38c1b124-524c-4e18-8ed7-5414d62df161,cf0cb911-627f-459b-8511-7190081082b4,738bb852-8cd5-417d-a183-697ee5bf3fd9,Participer à cette démarche VAE pour avoir mon diplôme :,Ça me paraît facile,disponibilite,obtainment,3,0,5,
e3cb68a7-8751-4924-86ab-7f39ef1b27e0,38c1b124-524c-4e18-8ed7-5414d62df161,cf0cb911-627f-459b-8511-7190081082b4,9ec7becf-53bb-4142-ac36-45d56d33e8d0,Participer à cette démarche VAE pour avoir mon diplôme :,Ça me paraît facile,experience,obtainment,5,0,13,
e3cb68a7-8751-4924-86ab-7f39ef1b27e0,38c1b124-524c-4e18-8ed7-5414d62df161,cf0cb911-627f-459b-8511-7190081082b4,4d97080a-8c1f-49d6-8e06-e959b7ac0883,Participer à cette démarche VAE pour avoir mon diplôme :,Ça me paraît facile,motivation_intrinseque,profile,5,0,25,2
e3cb68a7-8751-4924-86ab-7f39ef1b27e0,38c1b124-524c-4e18-8ed7-5414d62df161,20271d7d-98ea-4d9b-966e-50c6f327008d,631f0ce2-c57a-4905-b512-4c8f8834d8b0,Participer à cette démarche VAE pour avoir mon diplôme :,Ça me paraît très facile,aisance_numerique,profile,1,0,5,
e3cb68a7-8751-4924-86ab-7f39ef1b27e0,38c1b124-524c-4e18-8ed7-5414d62df161,20271d7d-98ea-4d9b-966e-50c6f327008d,500fec05-d255-4799-bb97-8dac12ea17db,Participer à cette démarche VAE pour avoir mon diplôme :,Ça me paraît très facile,confiance,profile,2,0,18,5
e3cb68a7-8751-4924-86ab-7f39ef1b27e0,38c1b124-524c-4e18-8ed7-5414d62df161,20271d7d-98ea-4d9b-966e-50c6f327008d,b88c9e7f-363a-4ef3-8794-760d28e5783e,Participer à cette démarche VAE pour avoir mon diplôme :,Ça me paraît très facile,confiance_extrinseque,profile,1,0,5,
e3cb68a7-8751-4924-86ab-7f39ef1b27e0,38c1b124-524c-4e18-8ed7-5414d62df161,20271d7d-98ea-4d9b-966e-50c6f327008d,738bb852-8cd5-417d-a183-697ee5bf3fd9,Participer à cette démarche VAE pour avoir mon diplôme :,Ça me paraît très facile,disponibilite,obtainment,3,0,5,
e3cb68a7-8751-4924-86ab-7f39ef1b27e0,38c1b124-524c-4e18-8ed7-5414d62df161,20271d7d-98ea-4d9b-966e-50c6f327008d,9ec7becf-53bb-4142-ac36-45d56d33e8d0,Participer à cette démarche VAE pour avoir mon diplôme :,Ça me paraît très facile,experience,obtainment,5,0,13,
e3cb68a7-8751-4924-86ab-7f39ef1b27e0,38c1b124-524c-4e18-8ed7-5414d62df161,20271d7d-98ea-4d9b-966e-50c6f327008d,4d97080a-8c1f-49d6-8e06-e959b7ac0883,Participer à cette démarche VAE pour avoir mon diplôme :,Ça me paraît très facile,motivation_intrinseque,profile,5,0,25,5