Code RNCP,uuid,Nom la certification,Description de la certification,Type de diplôme,uuid (from Type de diplôme),Niveau de diplôme,Conventions collectives,uuid (from Conventions collectives),Domaines,uuid (from Domaines),date,Last Modified,Created By,Last Modified By
34690,ac5e879b-c2d1-4039-85c0-5f3aed15251d,Titre à finalité professionnelle Assistant de vie dépendance - ADVD,,Titre à Finalité Professionnelle,79864782-df4e-4310-9f51-c0ac0f7d0175,3,Particuliers employeurs et emploi à domicile,d144e1b9-25e9-43b6-881e-af1d22f44e99,Social,43062959-9315-4c1b-82b6-fdb9af494b0c,10/5/2023 09:32,18/5/2023 11:34am,Aurélie Favart,Vincent Tournebise
34691,9140e7fb-b4a9-4969-973d-220d3cc1b6b0,Titre à finalité professionnelle Assistant maternel / garde d'enfants - AM/GE,,Titre à Finalité Professionnelle,79864782-df4e-4310-9f51-c0ac0f7d0175,3,Particuliers employeurs et emploi à domicile,d144e1b9-25e9-43b6-881e-af1d22f44e99,Social,43062959-9315-4c1b-82b6-fdb9af494b0c,10/5/2023 09:32,18/5/2023 11:34am,Aurélie Favart,Vincent Tournebise
32208,51eef7ae-80c0-481b-946f-9d6e1b9fc70c,Bac Professionnel  Métiers du commerce et de la vente - Option A : Animation et gestion de l'espace commercial - MCV,,Bac Pro,8f44da06-39b4-4515-920a-7dbe005d1d9c,4,,,Métiers Transverses,f69101d2-2824-4093-9ac0-8f8631e5010a,10/5/2023 09:32,15/5/2023 2:33pm,Aurélie Favart,Aurélie Favart
37231,67f66271-9d6d-4ecf-b616-4a6fcc40780f,Bac Professionnel Accompagnement soins et services à la personne - ASSP,,Bac Pro,8f44da06-39b4-4515-920a-7dbe005d1d9c,4,,,Social,43062959-9315-4c1b-82b6-fdb9af494b0c,10/5/2023 09:32,12/5/2023 1:43pm,Aurélie Favart,Vincent Tournebise
17477,2f1c2d5f-8b24-471b-8824-b7f5cb4f7bb8,Bac Professionnel Aéronautique option structures,,Bac Pro,8f44da06-39b4-4515-920a-7dbe005d1d9c,4,,,Métallurgie,4462f3ed-d605-4e08-bb87-b481d3c0b710,2/5/2023 17:59,12/5/2023 1:43pm,Aurélie Favart,Vincent Tournebise
7067,2174d3db-e498-43cf-84a6-f882e66ef9b1,Bac Professionnel Boucher charcutier traiteur,,Bac Pro,8f44da06-39b4-4515-920a-7dbe005d1d9c,4,,,Grande distribution,24a5eeaa-82af-46f6-ad03-b5a6c5babf14,19/4/2023 11:23,12/5/2023 1:43pm,Cédric Soulas,Vincent Tournebise
7068,93f3d1c4-9646-46d6-adcc-16234d5d3186,Bac Professionnel Boulanger pâtissier,,Bac Pro,8f44da06-39b4-4515-920a-7dbe005d1d9c,4,,,Grande distribution,24a5eeaa-82af-46f6-ad03-b5a6c5babf14,19/4/2023 11:23,12/5/2023 1:43pm,Cédric Soulas,Vincent Tournebise
14963,1b7003d6-f4d1-4d81-b288-0824880ca298,Bac Professionnel Construction des carrosseries - CC,,Bac Pro,8f44da06-39b4-4515-920a-7dbe005d1d9c,4,,,Métallurgie,4462f3ed-d605-4e08-bb87-b481d3c0b710,2/5/2023 17:59,12/5/2023 1:43pm,Aurélie Favart,Vincent Tournebise
6726,5ef560b4-bf84-44d0-bc17-1e7e9d79e14e,Bac Professionnel Fonderie,,Bac Pro,8f44da06-39b4-4515-920a-7dbe005d1d9c,4,,,Métallurgie,4462f3ed-d605-4e08-bb87-b481d3c0b710,2/5/2023 17:59,12/5/2023 1:43pm,Aurélie Favart,Vincent Tournebise
1120,d2f1edf2-a478-4566-91c0-26dda560ff1c,Bac Professionnel Logistique,,Bac Pro,8f44da06-39b4-4515-920a-7dbe005d1d9c,4,,,Métiers Transverses,f69101d2-2824-4093-9ac0-8f8631e5010a,10/5/2023 09:32,12/5/2023 1:43pm,Aurélie Favart,Vincent Tournebise
35698,517e81ee-2850-47d8-aa1b-dd216b492077,Bac Professionnel Maintenance des systèmes de production connectés - MSPC,,Bac Pro,8f44da06-39b4-4515-920a-7dbe005d1d9c,4,,,Métallurgie,4462f3ed-d605-4e08-bb87-b481d3c0b710,2/5/2023 17:59,12/5/2023 1:43pm,Aurélie Favart,Vincent Tournebise
25353,52f481d4-e025-419b-aa6d-70fd7d1079de,Bac Professionnel Métiers de l'électricité et de ses environnements connectés - MELEC ,,Bac Pro,8f44da06-39b4-4515-920a-7dbe005d1d9c,4,,,Métallurgie,4462f3ed-d605-4e08-bb87-b481d3c0b710,24/4/2023 15:36,12/5/2023 1:43pm,Cédric Soulas,Vincent Tournebise
36191,602be48e-f586-4a88-8de5-39984f8506d5,Bac Professionnel Modélisation et prototypage 3D - MP3D,,Bac Pro,8f44da06-39b4-4515-920a-7dbe005d1d9c,4,,,Métallurgie,4462f3ed-d605-4e08-bb87-b481d3c0b710,2/5/2023 17:59,12/5/2023 1:44pm,Aurélie Favart,Vincent Tournebise
4432,de7ab0b1-e9d1-4ec0-b24e-5d78aaa4ef66,Bac Professionnel Ouvrages du bâtiment option métallerie -OBM,,Bac Pro,8f44da06-39b4-4515-920a-7dbe005d1d9c,4,,,Métallurgie,4462f3ed-d605-4e08-bb87-b481d3c0b710,2/5/2023 17:05,12/5/2023 1:44pm,Cédric Soulas,Vincent Tournebise
36428,b9afbbfd-85f7-4f70-ae9c-3f80db4f6375,Bac Professionnel Pilote de ligne de production - PLP,,Bac Pro,8f44da06-39b4-4515-920a-7dbe005d1d9c,4,,,Métallurgie,4462f3ed-d605-4e08-bb87-b481d3c0b710,2/5/2023 17:59,12/5/2023 1:44pm,Aurélie Favart,Vincent Tournebise
7069,08e4f03e-54c5-476b-a451-5a488bef5bb8,Bac Professionnel Poissonnier,,Bac Pro,8f44da06-39b4-4515-920a-7dbe005d1d9c,4,,,Grande distribution,24a5eeaa-82af-46f6-ad03-b5a6c5babf14,19/4/2023 11:23,12/5/2023 1:44pm,Cédric Soulas,Vincent Tournebise
5859,4770f07c-3d2c-4c4e-992f-739543fa77f1,Bac Professionnel Réparation des carrosseries - RC,,Bac Pro,8f44da06-39b4-4515-920a-7dbe005d1d9c,4,,,Métallurgie,4462f3ed-d605-4e08-bb87-b481d3c0b710,2/5/2023 17:59,12/5/2023 1:44pm,Aurélie Favart,Vincent Tournebise
13905,da929b9d-6463-4682-a3f5-e95307f67d49,Bac Professionnel Services aux personnes et territoires - SPAT,,Bac Pro,8f44da06-39b4-4515-920a-7dbe005d1d9c,4,,,Social,43062959-9315-4c1b-82b6-fdb9af494b0c,10/5/2023 09:32,18/5/2023 11:25am,Aurélie Favart,Vincent Tournebise
35185,e37fbaf6-42a0-4770-95eb-b8f421d52a88,Bac Professionnel Technicien conseil alimentaire - TCA ,,Bac Pro,8f44da06-39b4-4515-920a-7dbe005d1d9c,4,,,Grande distribution,24a5eeaa-82af-46f6-ad03-b5a6c5babf14,19/4/2023 11:42,12/5/2023 1:44pm,Cédric Soulas,Vincent Tournebise
29885,59303b8f-6ed5-4cb0-83de-825d366bdd60,Bac Professionnel Technicien en chaudronnerie industrielle - TCI,,Bac Pro,8f44da06-39b4-4515-920a-7dbe005d1d9c,4,,,Métallurgie,4462f3ed-d605-4e08-bb87-b481d3c0b710,19/4/2023 13:10,12/5/2023 1:44pm,Alexandre Garbe,Vincent Tournebise
35697,68d9d6ee-50f4-49a3-be4a-39f37bd71013,Bac Professionnel Technicien en réalisation de produits mécaniques - TRPM,,Bac Pro,8f44da06-39b4-4515-920a-7dbe005d1d9c,4,,,Métallurgie,4462f3ed-d605-4e08-bb87-b481d3c0b710,2/5/2023 17:59,12/5/2023 1:44pm,Aurélie Favart,Vincent Tournebise
37310,bf78b4d6-f6ac-4c8f-9e6b-d6c6ae9e891b,BP Boucher,,Brevet Professionnel (BP),81d99804-1f46-4ced-924a-5479b58fd541,4,,,Grande distribution,24a5eeaa-82af-46f6-ad03-b5a6c5babf14,19/4/2023 11:42,12/5/2023 1:44pm,Cédric Soulas,Vincent Tournebise
13856,de047e9e-fc5d-4a74-9c04-6c20a84e2bb1,BP Boulanger,,Brevet Professionnel (BP),81d99804-1f46-4ced-924a-5479b58fd541,4,,,Grande distribution,24a5eeaa-82af-46f6-ad03-b5a6c5babf14,19/4/2023 11:42,12/5/2023 1:44pm,Cédric Soulas,Vincent Tournebise
27774,38afc48c-7adb-4cae-b7fd-7383d682953c,BP Electricien,,Brevet Professionnel (BP),81d99804-1f46-4ced-924a-5479b58fd541,4,,,Métallurgie,4462f3ed-d605-4e08-bb87-b481d3c0b710,2/5/2023 17:59,12/5/2023 1:44pm,Aurélie Favart,Vincent Tournebise
32231,c051e8ad-f0f6-4132-9677-88b706489c8f,BP Métallier,,Brevet Professionnel (BP),81d99804-1f46-4ced-924a-5479b58fd541,4,,,Métallurgie,4462f3ed-d605-4e08-bb87-b481d3c0b710,2/5/2023 17:59,12/5/2023 1:45pm,Aurélie Favart,Vincent Tournebise
36248,a3b5b9a2-00bd-403d-a158-c468959a02a3,"Brevet Professionnel de la Jeunesse de l'Education Populaire et du Sport spécialité éducateur sportif, mention activités aquatiques et de la natation - BPJEPS",,Brevet Professionnel (BP),81d99804-1f46-4ced-924a-5479b58fd541,4,,,Sport,24ebe074-78fc-41c7-8b56-fec2446e6253,10/5/2023 09:32,15/5/2023 2:16pm,Aurélie Favart,Aurélie Favart
37106,6f11a3aa-a4d7-4d88-978a-4e7a6eb88527,"Brevet Professionnel de la Jeunesse de l'Education Populaire et du Sport spécialité éducateur sportif, mention activités de la forme - BPJEPS",,Brevet Professionnel (BP),81d99804-1f46-4ced-924a-5479b58fd541,4,,,Sport,24ebe074-78fc-41c7-8b56-fec2446e6253,10/5/2023 09:32,15/5/2023 2:16pm,Aurélie Favart,Aurélie Favart
37108,6017130c-6528-44ce-b4a2-4beb2a8a1b28,"Brevet Professionnel de la Jeunesse de l'Education Populaire et du Sport spécialité éducateur sportif, mention sports de contact et disciplines associées - BPJEPS ",,Brevet Professionnel (BP),81d99804-1f46-4ced-924a-5479b58fd541,4,,,Sport,24ebe074-78fc-41c7-8b56-fec2446e6253,10/5/2023 09:32,15/5/2023 2:24pm,Aurélie Favart,Aurélie Favart
1029,6fbd4906-4e0b-4bb8-a0ed-a6e1407c66ab,BTS Assistance technique d'ingénieur - ATI,,BTS,7d875230-4ce1-47f9-907f-bc876329f1d5,5,,,Métallurgie,4462f3ed-d605-4e08-bb87-b481d3c0b710,2/5/2023 17:59,12/5/2023 1:45pm,Aurélie Favart,Vincent Tournebise
34076,61024a16-24f4-4cfb-ad50-d4f62667e030,BTS Conception des processus de réalisation de produits - CPRP,,BTS,7d875230-4ce1-47f9-907f-bc876329f1d5,5,,,Métallurgie,4462f3ed-d605-4e08-bb87-b481d3c0b710,2/5/2023 17:59,12/5/2023 1:45pm,Aurélie Favart,Vincent Tournebise
35347,1595e5f6-6434-41c0-8dea-65d80d82c51a,BTS Conception des produits industriels - CPI,,BTS,7d875230-4ce1-47f9-907f-bc876329f1d5,5,,,Métallurgie,4462f3ed-d605-4e08-bb87-b481d3c0b710,2/5/2023 17:59,12/5/2023 1:45pm,Aurélie Favart,Vincent Tournebise
35459,1c27096f-d7de-4de2-bac5-5e5cc113867a,BTS Conception et industrialisation en construction navale - CICN,,BTS,7d875230-4ce1-47f9-907f-bc876329f1d5,5,,,Métallurgie,4462f3ed-d605-4e08-bb87-b481d3c0b710,2/5/2023 17:59,12/5/2023 1:45pm,Aurélie Favart,Vincent Tournebise
35334,544a44f2-4c41-42b6-8615-f116a8b7ca5d,BTS Conception et réalisation en chaudronnerie industrielle - CRCI,,BTS,7d875230-4ce1-47f9-907f-bc876329f1d5,5,,,Métallurgie,4462f3ed-d605-4e08-bb87-b481d3c0b710,2/5/2023 17:59,12/5/2023 1:45pm,Aurélie Favart,Vincent Tournebise
36398,8d51a69f-ac34-4dfc-ac77-92f3c1de3c5c,BTS Economie sociale et familiale - ESF,,BTS,7d875230-4ce1-47f9-907f-bc876329f1d5,5,,,Social,43062959-9315-4c1b-82b6-fdb9af494b0c,10/5/2023 09:32,12/5/2023 1:45pm,Aurélie Favart,Vincent Tournebise
35346,29b4e607-0b20-4498-88db-f0518e549c57,BTS Électrotechnique,,BTS,7d875230-4ce1-47f9-907f-bc876329f1d5,5,,,Métallurgie,4462f3ed-d605-4e08-bb87-b481d3c0b710,2/5/2023 17:59,12/5/2023 1:45pm,Aurélie Favart,Vincent Tournebise
36968,8013f6f2-3f59-44b7-a9af-c9bf0965df7a,BTS Maintenance des systèmes de production - MSP,,BTS,7d875230-4ce1-47f9-907f-bc876329f1d5,5,,,Métallurgie,4462f3ed-d605-4e08-bb87-b481d3c0b710,2/5/2023 17:59,12/5/2023 1:46pm,Aurélie Favart,Vincent Tournebise
34031,60f465cd-de97-4208-b2fd-0398085d21fd,BTS Management commercial opérationnel - MCO,,BTS,7d875230-4ce1-47f9-907f-bc876329f1d5,5,,,Métiers Transverses,f69101d2-2824-4093-9ac0-8f8631e5010a,10/5/2023 09:32,12/5/2023 1:46pm,Aurélie Favart,Vincent Tournebise
35803,72de7e15-6fea-44a7-86a9-26be0dd034ea,BTS Métiers de la mesure - 2M,,BTS,7d875230-4ce1-47f9-907f-bc876329f1d5,5,,,Métallurgie,4462f3ed-d605-4e08-bb87-b481d3c0b710,2/5/2023 17:59,12/5/2023 1:46pm,Aurélie Favart,Vincent Tournebise
35341,27bece71-cab5-46f3-a331-ae3b3e8ff317,BTS Systèmes numériques - SN,,BTS,7d875230-4ce1-47f9-907f-bc876329f1d5,5,,,Métallurgie,4462f3ed-d605-4e08-bb87-b481d3c0b710,2/5/2023 17:59,12/5/2023 1:46pm,Aurélie Favart,Vincent Tournebise
35512,ca4601d3-0bc8-412b-a774-3ea8372d2d54,BUT Carrières sociales : animation sociale et culturelle - CS,,BUT,9beb947d-3265-4f1d-a3e4-1f19eebe6bae,6,,,Social,43062959-9315-4c1b-82b6-fdb9af494b0c,10/5/2023 09:32,18/5/2023 11:32am,Aurélie Favart,Vincent Tournebise
35408,978ff861-4b7f-44f7-a37f-d6f5becaf07d,BUT Génie électrique et informatique industrielle - GEII,,BUT,9beb947d-3265-4f1d-a3e4-1f19eebe6bae,6,,,Métallurgie,4462f3ed-d605-4e08-bb87-b481d3c0b710,2/5/2023 17:59,12/5/2023 1:46pm,Aurélie Favart,Vincent Tournebise
35463,7c8f6f7b-fea0-4095-bb6b-4e62e4ee8f47,BUT Génie mécanique et productique : innovation pour l'industrie - GMP,,BUT,9beb947d-3265-4f1d-a3e4-1f19eebe6bae,6,,,Métallurgie,4462f3ed-d605-4e08-bb87-b481d3c0b710,2/5/2023 17:59,12/5/2023 1:46pm,Aurélie Favart,Vincent Tournebise
35465,ba8e5e4e-cccd-4372-a65f-19ad83f828c6,BUT Génie mécanique et productique : management du process industriel - GMP,,BUT,9beb947d-3265-4f1d-a3e4-1f19eebe6bae,6,,,Métallurgie,4462f3ed-d605-4e08-bb87-b481d3c0b710,2/5/2023 17:59,12/5/2023 1:46pm,Aurélie Favart,Vincent Tournebise
35388,47f5ef59-ed4f-4ad6-acbd-6edde45fb4c5,BUT Gestion administrative et commerciale des organisations : management commercial et marketing omnicanal - GACO,,BUT,9beb947d-3265-4f1d-a3e4-1f19eebe6bae,6,,,Métiers Transverses,f69101d2-2824-4093-9ac0-8f8631e5010a,10/5/2023 09:32,12/5/2023 1:46pm,Aurélie Favart,Vincent Tournebise
35387,c790bd3d-2640-483c-86a6-f756526124b3,BUT Gestion administrative et commerciale des organisations : management des fonctions support - GACO,,BUT,9beb947d-3265-4f1d-a3e4-1f19eebe6bae,6,,,Métiers Transverses,f69101d2-2824-4093-9ac0-8f8631e5010a,10/5/2023 09:32,12/5/2023 1:46pm,Aurélie Favart,Vincent Tournebise
35386,9aaf2f00-da06-4d4e-a912-3c9cea840afe,BUT Gestion administrative et commerciale des organisations : management responsable de projet et Entrepreneuriat - GACO,,BUT,9beb947d-3265-4f1d-a3e4-1f19eebe6bae,6,,,Métiers Transverses,f69101d2-2824-4093-9ac0-8f8631e5010a,10/5/2023 09:32,12/5/2023 1:46pm,Aurélie Favart,Vincent Tournebise
35375,8885ed22-a3ec-438f-a6c8-cab45f76a58e,BUT Gestion des entreprises et des administration :  finances-comptabilité - GEA,,BUT,9beb947d-3265-4f1d-a3e4-1f19eebe6bae,6,,,Métiers Transverses,f69101d2-2824-4093-9ac0-8f8631e5010a,10/5/2023 09:32,12/5/2023 1:47pm,Aurélie Favart,Vincent Tournebise
35378,023b9f8d-a60c-4481-bed8-8887ca70283a,BUT Gestion des entreprises et des administrations : contrôle de gestion et pilotage de la performance - GEA,,BUT,9beb947d-3265-4f1d-a3e4-1f19eebe6bae,6,,,Métiers Transverses,f69101d2-2824-4093-9ac0-8f8631e5010a,10/5/2023 09:32,12/5/2023 1:47pm,Aurélie Favart,Vincent Tournebise
35377,8b3287a5-d11d-4610-9987-a39d4d2987db,BUT Gestion des entreprises et des administrations : gestion entrepreneuriat et management d'activités - GEA,,BUT,9beb947d-3265-4f1d-a3e4-1f19eebe6bae,6,,,Métiers Transverses,f69101d2-2824-4093-9ac0-8f8631e5010a,10/5/2023 09:32,12/5/2023 1:47pm,Aurélie Favart,Vincent Tournebise
35362,8b55ec2e-b0d7-4182-9d92-35b5cb7e0d1d,BUT Information communication : information numérique dans les organisations - IC ,,BUT,9beb947d-3265-4f1d-a3e4-1f19eebe6bae,6,,,Métiers Transverses,f69101d2-2824-4093-9ac0-8f8631e5010a,10/5/2023 09:32,12/5/2023 1:47pm,Aurélie Favart,Vincent Tournebise
35479,a395f89a-7785-4fee-a38e-3de6245eae62,BUT Mesures physiques - MP,,BUT,9beb947d-3265-4f1d-a3e4-1f19eebe6bae,6,,,Métallurgie,4462f3ed-d605-4e08-bb87-b481d3c0b710,2/5/2023 17:59,12/5/2023 1:47pm,Aurélie Favart,Vincent Tournebise
35351,a10a6951-13af-43c4-a864-3325b5281bba,"BUT Qualité, logistique industrielle et organisation : organisation et supply - QLIO",,BUT,9beb947d-3265-4f1d-a3e4-1f19eebe6bae,6,,,Métiers Transverses,f69101d2-2824-4093-9ac0-8f8631e5010a,10/5/2023 09:32,12/5/2023 1:47pm,Aurélie Favart,Vincent Tournebise
35354,ac1309e8-84e7-464b-b706-7320fa387903,BUT Technique de commercialisation : marketing digital e-business et entreprenariat - TC,,BUT,9beb947d-3265-4f1d-a3e4-1f19eebe6bae,6,,,Métiers Transverses,f69101d2-2824-4093-9ac0-8f8631e5010a,10/5/2023 09:32,12/5/2023 1:47pm,Aurélie Favart,Vincent Tournebise
35356,425b762e-a2c9-4f1d-8c31-d969e7fb9c7e,BUT Technique de commercialisation : marketing et management du point de vente- TC,,BUT,9beb947d-3265-4f1d-a3e4-1f19eebe6bae,6,,,Métiers Transverses,f69101d2-2824-4093-9ac0-8f8631e5010a,10/5/2023 09:32,12/5/2023 1:47pm,Aurélie Favart,Vincent Tournebise
35357,48aa9c50-9434-46ed-8937-34854aeb5426,BUT Techniques de commercialisation : business développement et management de la relation client - TC,,BUT,9beb947d-3265-4f1d-a3e4-1f19eebe6bae,6,,,Métiers Transverses,f69101d2-2824-4093-9ac0-8f8631e5010a,10/5/2023 09:32,12/5/2023 1:47pm,Aurélie Favart,Vincent Tournebise
28048,14d38f55-639d-4d5b-80e8-396a3cbfa2be,CAP Accompagnant éducatif petite enfance - AEPE,,CAP,764f9665-bf8a-4714-8357-fb85e5167433,3,,,Social,43062959-9315-4c1b-82b6-fdb9af494b0c,10/5/2023 09:32,18/5/2023 11:30am,Aurélie Favart,Vincent Tournebise
17479,cacf7d23-85fa-44e4-88cf-ecc95edfe952,CAP Aéronautique - avionique,,CAP,764f9665-bf8a-4714-8357-fb85e5167433,3,,,Métallurgie,4462f3ed-d605-4e08-bb87-b481d3c0b710,2/5/2023 17:59,12/5/2023 1:50pm,Aurélie Favart,Vincent Tournebise
17482,cacf7d23-85fa-44e4-88cf-ecc95edfe952,CAP Aéronautique - structure,,CAP,764f9665-bf8a-4714-8357-fb85e5167433,3,,,Métallurgie,4462f3ed-d605-4e08-bb87-b481d3c0b710,2/5/2023 17:59,12/5/2023 1:50pm,Aurélie Favart,Vincent Tournebise
17483,61dbf04a-5568-46d8-992b-a4b62a06d849,CAP Aéronautique - systèmes,,CAP,764f9665-bf8a-4714-8357-fb85e5167433,3,,,Métallurgie,4462f3ed-d605-4e08-bb87-b481d3c0b710,2/5/2023 17:59,12/5/2023 1:51pm,Aurélie Favart,Vincent Tournebise
25085,2de4679a-c385-4fe8-bb2d-b7c08f662ddb,CAP Agricole service aux personnes et vente en espace rural - SPVER,,CAP,764f9665-bf8a-4714-8357-fb85e5167433,3,,,Métiers Transverses,f69101d2-2824-4093-9ac0-8f8631e5010a,10/5/2023 09:32,18/5/2023 11:25am,Aurélie Favart,Vincent Tournebise
6993,3bedca37-4438-4a23-8a8b-8ed6f067d5f0,CAP Boucher,,CAP,764f9665-bf8a-4714-8357-fb85e5167433,3,,,Grande distribution,24a5eeaa-82af-46f6-ad03-b5a6c5babf14,19/4/2023 11:42,12/5/2023 1:51pm,Cédric Soulas,Vincent Tournebise
18704,8a0a4ad6-bb6b-40ca-b7ea-0acdcf04ec66,CAP Boulanger,,CAP,764f9665-bf8a-4714-8357-fb85e5167433,3,,,Grande distribution,24a5eeaa-82af-46f6-ad03-b5a6c5babf14,19/4/2023 11:42,12/5/2023 1:51pm,Cédric Soulas,Vincent Tournebise
538,d5c573c3-7b0e-4dc9-902c-49826fa690f6,CAP Charcutier,,CAP,764f9665-bf8a-4714-8357-fb85e5167433,3,,,Grande distribution,24a5eeaa-82af-46f6-ad03-b5a6c5babf14,19/4/2023 11:42,12/5/2023 1:51pm,Cédric Soulas,Vincent Tournebise
36429,8f3f1682-5aa3-40b3-94d5-69e32af251de,CAP Conducteur d'installations en production - CIP,,CAP,764f9665-bf8a-4714-8357-fb85e5167433,3,,,Métallurgie,4462f3ed-d605-4e08-bb87-b481d3c0b710,2/5/2023 17:59,12/5/2023 1:51pm,Aurélie Favart,Vincent Tournebise
28799,541ce269-1ca6-4413-80f4-bd14a77c24d2,CAP Crémier fromager,,CAP,764f9665-bf8a-4714-8357-fb85e5167433,3,,,Grande distribution,24a5eeaa-82af-46f6-ad03-b5a6c5babf14,19/4/2023 11:42,12/5/2023 1:51pm,Cédric Soulas,Vincent Tournebise
30328,788b099f-5864-47d0-809c-f2226221e858,CAP Electricien,,CAP,764f9665-bf8a-4714-8357-fb85e5167433,3,,,Métallurgie,4462f3ed-d605-4e08-bb87-b481d3c0b710,2/5/2023 17:59,12/5/2023 1:51pm,Aurélie Favart,Vincent Tournebise
34947,29bff3c3-2654-4719-aba3-0f2d93bf8888,CAP Equipier polyvalent du commerce - EPC,,CAP,764f9665-bf8a-4714-8357-fb85e5167433,3,,,Grande distribution,24a5eeaa-82af-46f6-ad03-b5a6c5babf14,19/4/2023 11:42,12/5/2023 1:51pm,Cédric Soulas,Vincent Tournebise
35700,7db7b09a-dd05-4488-93f5-a5911c54527e,CAP Métallier,,CAP,764f9665-bf8a-4714-8357-fb85e5167433,3,,,Métallurgie,4462f3ed-d605-4e08-bb87-b481d3c0b710,2/5/2023 17:59,12/5/2023 1:51pm,Aurélie Favart,Vincent Tournebise
22689,bf31b3bf-ac2d-4d65-9776-52ee69930741,CAP Opérateur logistique - OL,,CAP,764f9665-bf8a-4714-8357-fb85e5167433,3,,,Métiers Transverses,f69101d2-2824-4093-9ac0-8f8631e5010a,10/5/2023 09:32,12/5/2023 1:51pm,Aurélie Favart,Vincent Tournebise
646,2fbc1757-c8c2-4be7-8472-bb80c6b82620,CAP Outillage en outils à découper et à emboutir - ODE,,CAP,764f9665-bf8a-4714-8357-fb85e5167433,3,,,Métallurgie,4462f3ed-d605-4e08-bb87-b481d3c0b710,2/5/2023 17:59,12/5/2023 1:52pm,Aurélie Favart,Vincent Tournebise
645,66cc4143-d317-4994-a8b9-06a01092e5db,CAP Outillages en moules métalliques - OMM,,CAP,764f9665-bf8a-4714-8357-fb85e5167433,3,,,Métallurgie,4462f3ed-d605-4e08-bb87-b481d3c0b710,2/5/2023 17:59,12/5/2023 1:52pm,Aurélie Favart,Vincent Tournebise
35316,56217ec4-5090-4336-9762-4e45ab35972b,CAP Pâtissier,,CAP,764f9665-bf8a-4714-8357-fb85e5167433,3,,,Grande distribution,24a5eeaa-82af-46f6-ad03-b5a6c5babf14,19/4/2023 11:42,12/5/2023 1:52pm,Cédric Soulas,Vincent Tournebise
5227,b2b7f878-7c73-47ef-b781-9a3685c63266,CAP Poissonnier,,CAP,764f9665-bf8a-4714-8357-fb85e5167433,3,,,Grande distribution,24a5eeaa-82af-46f6-ad03-b5a6c5babf14,19/4/2023 11:42,12/5/2023 1:52pm,Cédric Soulas,Vincent Tournebise
27468,89128a6c-784b-47d4-9a4b-f16996f5c9c3,CAP Réalisations industrielles en chaudronnerie ou soudage - option chaudronnerie - RICS,,CAP,764f9665-bf8a-4714-8357-fb85e5167433,3,,,Métallurgie,4462f3ed-d605-4e08-bb87-b481d3c0b710,2/5/2023 17:59,12/5/2023 1:52pm,Aurélie Favart,Vincent Tournebise
27470,aef180b7-d62c-4915-982b-26100f63aaff,CAP Réalisations industrielles en chaudronnerie ou soudage - option soudage - RICS,,CAP,764f9665-bf8a-4714-8357-fb85e5167433,3,,,Métallurgie,4462f3ed-d605-4e08-bb87-b481d3c0b710,2/5/2023 17:59,12/5/2023 1:52pm,Aurélie Favart,Vincent Tournebise
36836,3ee32529-6ce6-4b27-9294-73b4295a4af8,Certificat d'aptitude aux fonctions d'encadrement et de responsable d'unité d'intervention sociale - CAFERUIS,,Certificat d'aptitude (CA),598a3046-5ca2-4622-8893-f33afac62020,6,,,Social,43062959-9315-4c1b-82b6-fdb9af494b0c,10/5/2023 09:32,18/5/2023 11:30am,Aurélie Favart,Vincent Tournebise
36838,0591bc53-75e0-4979-a51d-ece77de78c17,Certificat d'aptitude aux fonctions de directeur d'établissement ou de service d'intervention sociale - CAFDES ,,Certificat d'aptitude (CA),598a3046-5ca2-4622-8893-f33afac62020,7,,,Social,43062959-9315-4c1b-82b6-fdb9af494b0c,10/5/2023 09:32,12/5/2023 1:52pm,Aurélie Favart,Vincent Tournebise
17163,e5a76f62-f35b-4d46-b19d-344cf1a623b5,Titre à finalité professionnelle Conducteur accompagnateur de personnes à mobilité réduite - CAPMR,,Titre à Finalité Professionnelle,79864782-df4e-4310-9f51-c0ac0f7d0175,3,Services à la personne,8971ab21-358e-41bc-bdad-d672e7b6aef9,Social,43062959-9315-4c1b-82b6-fdb9af494b0c,10/5/2023 09:32,18/5/2023 11:34am,Aurélie Favart,Vincent Tournebise
37268,3167a87a-8e09-48c8-aa7c-869d0f9a83ce,CQP Agent de contrôle qualité dans l'industrie,,Certificat de Qualification Professionnelle (CQP),0ca9b437-2886-4bbf-9de1-4d0f1e011154,3,Métallurgie,3af3e807-9848-4e27-b71a-1fb210aac1ef,Métallurgie,4462f3ed-d605-4e08-bb87-b481d3c0b710,2/5/2023 17:59,17/5/2023 10:23am,Aurélie Favart,Aurélie Favart
36201,de19ed2d-4dcd-4c7d-a350-a29e599d79cd,CQP Agent de maintenance de matériel de manutention et de levage,,Certificat de Qualification Professionnelle (CQP),0ca9b437-2886-4bbf-9de1-4d0f1e011154,3,Métallurgie,3af3e807-9848-4e27-b71a-1fb210aac1ef,Métallurgie,4462f3ed-d605-4e08-bb87-b481d3c0b710,2/5/2023 17:59,17/5/2023 10:23am,Aurélie Favart,Aurélie Favart
36922,948ae2aa-55ec-4548-a5b8-57b13e81742f,CQP Agent de maintenance en ascenseurs,,Certificat de Qualification Professionnelle (CQP),0ca9b437-2886-4bbf-9de1-4d0f1e011154,3,Métallurgie,3af3e807-9848-4e27-b71a-1fb210aac1ef,Métallurgie,4462f3ed-d605-4e08-bb87-b481d3c0b710,2/5/2023 17:59,17/5/2023 10:23am,Aurélie Favart,Aurélie Favart
36891,f25ede67-4db9-4c99-a749-36d78472d15f,CQP Agent de maintenance en portes automatiques,,Certificat de Qualification Professionnelle (CQP),0ca9b437-2886-4bbf-9de1-4d0f1e011154,3,Métallurgie,3af3e807-9848-4e27-b71a-1fb210aac1ef,Métallurgie,4462f3ed-d605-4e08-bb87-b481d3c0b710,2/5/2023 17:59,17/5/2023 10:23am,Aurélie Favart,Aurélie Favart
36086,74c29134-e561-451d-beab-daabcd92097a,CQP Ajusteur assembleur de structures aéronefs,,Certificat de Qualification Professionnelle (CQP),0ca9b437-2886-4bbf-9de1-4d0f1e011154,3,Métallurgie,3af3e807-9848-4e27-b71a-1fb210aac1ef,Métallurgie,4462f3ed-d605-4e08-bb87-b481d3c0b710,2/5/2023 17:59,17/5/2023 10:23am,Aurélie Favart,Aurélie Favart
36737,ee4a09ea-9dfe-4ed4-9d2f-4d893d3a817d,CQP Ajusteur monteur industriel,,Certificat de Qualification Professionnelle (CQP),0ca9b437-2886-4bbf-9de1-4d0f1e011154,3,Métallurgie,3af3e807-9848-4e27-b71a-1fb210aac1ef,Métallurgie,4462f3ed-d605-4e08-bb87-b481d3c0b710,2/5/2023 17:59,17/5/2023 10:23am,Aurélie Favart,Aurélie Favart
36311,00fa1e5b-1535-4cb6-b542-0dad27dd6341,CQP Animateur d'équipe autonome de production industrielle,,Certificat de Qualification Professionnelle (CQP),0ca9b437-2886-4bbf-9de1-4d0f1e011154,4,Métallurgie,3af3e807-9848-4e27-b71a-1fb210aac1ef,Métallurgie,4462f3ed-d605-4e08-bb87-b481d3c0b710,2/5/2023 17:59,17/5/2023 10:23am,Aurélie Favart,Aurélie Favart
36377,a6af659b-a3eb-408d-8b67-ec0226662ccb,CQP Assembleur monteur de systèmes mécanisés,,Certificat de Qualification Professionnelle (CQP),0ca9b437-2886-4bbf-9de1-4d0f1e011154,3,Métallurgie,3af3e807-9848-4e27-b71a-1fb210aac1ef,Métallurgie,4462f3ed-d605-4e08-bb87-b481d3c0b710,2/5/2023 17:59,17/5/2023 10:23am,Aurélie Favart,Aurélie Favart
34308,c17f6af3-4a15-408c-8db4-42165ac3b6b4,"CQP Chargé d'affaire tuyauterie, chaudronnerie, soudure",,Certificat de Qualification Professionnelle (CQP),0ca9b437-2886-4bbf-9de1-4d0f1e011154,6,Métallurgie,3af3e807-9848-4e27-b71a-1fb210aac1ef,Métallurgie,4462f3ed-d605-4e08-bb87-b481d3c0b710,2/5/2023 17:59,17/5/2023 10:23am,Aurélie Favart,Aurélie Favart
37004,b6bd201f-910f-4e0d-aca4-8ecba44b3c76,CQP Chargé d'affaires en ingénierie énergétique,,Certificat de Qualification Professionnelle (CQP),0ca9b437-2886-4bbf-9de1-4d0f1e011154,6,Métallurgie,3af3e807-9848-4e27-b71a-1fb210aac1ef,Métallurgie,4462f3ed-d605-4e08-bb87-b481d3c0b710,2/5/2023 17:59,17/5/2023 10:23am,Aurélie Favart,Aurélie Favart
37150,bb987d3f-fb13-47cf-9b1d-93e0117d581c,CQP Chargé de maintenance industrielle,,Certificat de Qualification Professionnelle (CQP),0ca9b437-2886-4bbf-9de1-4d0f1e011154,6,Métallurgie,3af3e807-9848-4e27-b71a-1fb210aac1ef,Métallurgie,4462f3ed-d605-4e08-bb87-b481d3c0b710,2/5/2023 17:59,17/5/2023 10:23am,Aurélie Favart,Aurélie Favart
36308,e337098d-f278-4b10-94f2-e890bf91fc32,CQP Chargé de projets industriels,,Certificat de Qualification Professionnelle (CQP),0ca9b437-2886-4bbf-9de1-4d0f1e011154,6,Métallurgie,3af3e807-9848-4e27-b71a-1fb210aac1ef,Métallurgie,4462f3ed-d605-4e08-bb87-b481d3c0b710,2/5/2023 17:59,17/5/2023 10:23am,Aurélie Favart,Aurélie Favart
35885,611a5cab-dc2a-4a7e-9f8c-fdec06a6f747,CQP Chaudronnier naval,,Certificat de Qualification Professionnelle (CQP),0ca9b437-2886-4bbf-9de1-4d0f1e011154,3,Métallurgie,3af3e807-9848-4e27-b71a-1fb210aac1ef,Métallurgie,4462f3ed-d605-4e08-bb87-b481d3c0b710,2/5/2023 17:59,17/5/2023 10:23am,Aurélie Favart,Aurélie Favart
35216,966a731f-de21-4734-8c2e-19c89c8894f5,CQP Concepteur modélisateur numérique de produits ou de systèmes mécaniques,,Certificat de Qualification Professionnelle (CQP),0ca9b437-2886-4bbf-9de1-4d0f1e011154,5,Métallurgie,3af3e807-9848-4e27-b71a-1fb210aac1ef,Métallurgie,4462f3ed-d605-4e08-bb87-b481d3c0b710,2/5/2023 17:59,17/5/2023 10:23am,Aurélie Favart,Aurélie Favart
36474,68e62887-3c44-4138-bfac-e5461690ad4e,CQP Conducteur régleur de presse à emboutir et/ou à découper,,Certificat de Qualification Professionnelle (CQP),0ca9b437-2886-4bbf-9de1-4d0f1e011154,3,Métallurgie,3af3e807-9848-4e27-b71a-1fb210aac1ef,Métallurgie,4462f3ed-d605-4e08-bb87-b481d3c0b710,2/5/2023 17:59,17/5/2023 10:23am,Aurélie Favart,Aurélie Favart
36276,e6152772-ac8e-42ae-9379-5975ad1c2ab3,CQP Conducteur régleur de presse à injecter les matériaux plastiques et métalliques sous pression,,Certificat de Qualification Professionnelle (CQP),0ca9b437-2886-4bbf-9de1-4d0f1e011154,3,Métallurgie,3af3e807-9848-4e27-b71a-1fb210aac1ef,Métallurgie,4462f3ed-d605-4e08-bb87-b481d3c0b710,2/5/2023 17:59,17/5/2023 10:23am,Aurélie Favart,Aurélie Favart
36587,f43c9625-d9c1-4cad-9188-28815046ecd3,"CQP Coordonnateur de système Q, S, E (Qualité, Sécurité, Environnement)",,Certificat de Qualification Professionnelle (CQP),0ca9b437-2886-4bbf-9de1-4d0f1e011154,6,Métallurgie,3af3e807-9848-4e27-b71a-1fb210aac1ef,Métallurgie,4462f3ed-d605-4e08-bb87-b481d3c0b710,2/5/2023 17:59,17/5/2023 10:23am,Aurélie Favart,Aurélie Favart
36614,b2ec54c2-4630-484c-9976-394be8aaeeb3,CQP Coordonnateur lean et amélioration continue,,Certificat de Qualification Professionnelle (CQP),0ca9b437-2886-4bbf-9de1-4d0f1e011154,6,Métallurgie,3af3e807-9848-4e27-b71a-1fb210aac1ef,Métallurgie,4462f3ed-d605-4e08-bb87-b481d3c0b710,2/5/2023 17:59,17/5/2023 10:23am,Aurélie Favart,Aurélie Favart
34572,cf35f1af-73f7-47bb-81a0-5aa7a92c06b5,CQP Dessinateur d'études industrielles,,Certificat de Qualification Professionnelle (CQP),0ca9b437-2886-4bbf-9de1-4d0f1e011154,4,Métallurgie,3af3e807-9848-4e27-b71a-1fb210aac1ef,Métallurgie,4462f3ed-d605-4e08-bb87-b481d3c0b710,2/5/2023 17:59,17/5/2023 10:23am,Aurélie Favart,Aurélie Favart
36451,cc3afdb4-4c6e-4ac0-bed2-ff87ec375182,CQP Electro bobinier,,Certificat de Qualification Professionnelle (CQP),0ca9b437-2886-4bbf-9de1-4d0f1e011154,4,Métallurgie,3af3e807-9848-4e27-b71a-1fb210aac1ef,Métallurgie,4462f3ed-d605-4e08-bb87-b481d3c0b710,2/5/2023 17:59,17/5/2023 10:23am,Aurélie Favart,Aurélie Favart
35985,3683e487-9f88-40f9-8617-b9b32a27d892,CQP Equipier d’unité autonome de production industrielle,,Certificat de Qualification Professionnelle (CQP),0ca9b437-2886-4bbf-9de1-4d0f1e011154,3,Métallurgie,3af3e807-9848-4e27-b71a-1fb210aac1ef,Métallurgie,4462f3ed-d605-4e08-bb87-b481d3c0b710,2/5/2023 17:59,17/5/2023 10:23am,Aurélie Favart,Aurélie Favart
36475,d3cf36ac-1f22-4e97-b735-357388a0973b,CQP Étancheur aéronautique,,Certificat de Qualification Professionnelle (CQP),0ca9b437-2886-4bbf-9de1-4d0f1e011154,3,Métallurgie,3af3e807-9848-4e27-b71a-1fb210aac1ef,Métallurgie,4462f3ed-d605-4e08-bb87-b481d3c0b710,2/5/2023 17:59,17/5/2023 10:23am,Aurélie Favart,Aurélie Favart
36275,cf8cc836-78a9-49af-8fbe-5113d424ba97,CQP Façonnier orthoprothésiste,,Certificat de Qualification Professionnelle (CQP),0ca9b437-2886-4bbf-9de1-4d0f1e011154,4,Métallurgie,3af3e807-9848-4e27-b71a-1fb210aac1ef,Métallurgie,4462f3ed-d605-4e08-bb87-b481d3c0b710,2/5/2023 17:59,17/5/2023 10:23am,Aurélie Favart,Aurélie Favart
35281,9dffc2b8-4f59-40a2-834f-56bfd42cb200,CQP Inspecteur en vérification périodique d'installations électriques,,Certificat de Qualification Professionnelle (CQP),0ca9b437-2886-4bbf-9de1-4d0f1e011154,4,Métallurgie,3af3e807-9848-4e27-b71a-1fb210aac1ef,Métallurgie,4462f3ed-d605-4e08-bb87-b481d3c0b710,2/5/2023 17:59,17/5/2023 10:23am,Aurélie Favart,Aurélie Favart
34239,ab1fe5d5-4101-4474-999b-731fd643f133,CQP Inspecteur qualité,,Certificat de Qualification Professionnelle (CQP),0ca9b437-2886-4bbf-9de1-4d0f1e011154,5,Métallurgie,3af3e807-9848-4e27-b71a-1fb210aac1ef,Métallurgie,4462f3ed-d605-4e08-bb87-b481d3c0b710,2/5/2023 17:59,17/5/2023 10:23am,Aurélie Favart,Aurélie Favart
36363,79e5b34c-415f-4ef4-a3ad-a5c78ee39f30,CQP Intégrateur cabine aéronautique,,Certificat de Qualification Professionnelle (CQP),0ca9b437-2886-4bbf-9de1-4d0f1e011154,3,Métallurgie,3af3e807-9848-4e27-b71a-1fb210aac1ef,Métallurgie,4462f3ed-d605-4e08-bb87-b481d3c0b710,2/5/2023 17:59,17/5/2023 10:23am,Aurélie Favart,Aurélie Favart
36700,7eea9c96-ea66-4f9e-b83c-94e717d12ff5,CQP Intégrateur câbleur aéronautique,,Certificat de Qualification Professionnelle (CQP),0ca9b437-2886-4bbf-9de1-4d0f1e011154,3,Métallurgie,3af3e807-9848-4e27-b71a-1fb210aac1ef,Métallurgie,4462f3ed-d605-4e08-bb87-b481d3c0b710,2/5/2023 17:59,17/5/2023 10:23am,Aurélie Favart,Aurélie Favart
37165,596064ed-b93c-44e8-b25c-ae65414d3e88,CQP Mécanicien de maintenance en robinetterie industrielle,,Certificat de Qualification Professionnelle (CQP),0ca9b437-2886-4bbf-9de1-4d0f1e011154,4,Métallurgie,3af3e807-9848-4e27-b71a-1fb210aac1ef,Métallurgie,4462f3ed-d605-4e08-bb87-b481d3c0b710,2/5/2023 17:59,17/5/2023 10:23am,Aurélie Favart,Aurélie Favart
37054,3bf6cafe-07e2-4781-9e4e-51ed777130bc,CQP Mécanicien en machines tournantes sous pression,,Certificat de Qualification Professionnelle (CQP),0ca9b437-2886-4bbf-9de1-4d0f1e011154,4,Métallurgie,3af3e807-9848-4e27-b71a-1fb210aac1ef,Métallurgie,4462f3ed-d605-4e08-bb87-b481d3c0b710,2/5/2023 17:59,17/5/2023 10:23am,Aurélie Favart,Aurélie Favart
36863,dedc41ed-e988-4cfa-9e62-a66a30224512,CQP Mécanicien en réparation navale,,Certificat de Qualification Professionnelle (CQP),0ca9b437-2886-4bbf-9de1-4d0f1e011154,3,Métallurgie,3af3e807-9848-4e27-b71a-1fb210aac1ef,Métallurgie,4462f3ed-d605-4e08-bb87-b481d3c0b710,2/5/2023 17:59,17/5/2023 10:23am,Aurélie Favart,Aurélie Favart
36736,388974cb-58cd-4eae-83ff-c051e5b36e32,CQP Monteur câbleur de circuit imprimé équipé,,Certificat de Qualification Professionnelle (CQP),0ca9b437-2886-4bbf-9de1-4d0f1e011154,3,Métallurgie,3af3e807-9848-4e27-b71a-1fb210aac1ef,Métallurgie,4462f3ed-d605-4e08-bb87-b481d3c0b710,2/5/2023 17:59,17/5/2023 10:23am,Aurélie Favart,Aurélie Favart
36869,62e2b5f2-ae45-490b-ba07-243f430c3855,CQP Monteur câbleur en équipements électriques,,Certificat de Qualification Professionnelle (CQP),0ca9b437-2886-4bbf-9de1-4d0f1e011154,3,Métallurgie,3af3e807-9848-4e27-b71a-1fb210aac1ef,Métallurgie,4462f3ed-d605-4e08-bb87-b481d3c0b710,2/5/2023 17:59,17/5/2023 10:23am,Aurélie Favart,Aurélie Favart
35988,4f5fe03e-c81c-413c-98b5-caa2f62ecb1b,CQP Opérateur de levage et manutention complexe en milieu industriel,,Certificat de Qualification Professionnelle (CQP),0ca9b437-2886-4bbf-9de1-4d0f1e011154,3,Métallurgie,3af3e807-9848-4e27-b71a-1fb210aac1ef,Métallurgie,4462f3ed-d605-4e08-bb87-b481d3c0b710,2/5/2023 17:59,17/5/2023 10:23am,Aurélie Favart,Aurélie Favart
36453,0d8cb208-d9d4-412c-9191-3e9e1ac02065,CQP Opérateur en bobinage,,Certificat de Qualification Professionnelle (CQP),0ca9b437-2886-4bbf-9de1-4d0f1e011154,3,Métallurgie,3af3e807-9848-4e27-b71a-1fb210aac1ef,Métallurgie,4462f3ed-d605-4e08-bb87-b481d3c0b710,2/5/2023 17:59,17/5/2023 10:23am,Aurélie Favart,Aurélie Favart
36028,0c5d85b2-fc67-476f-8e2a-e5de636dc5d4,CQP Opérateur en fabrication additive : fils polymères ou métalliques,,Certificat de Qualification Professionnelle (CQP),0ca9b437-2886-4bbf-9de1-4d0f1e011154,3,Métallurgie,3af3e807-9848-4e27-b71a-1fb210aac1ef,Métallurgie,4462f3ed-d605-4e08-bb87-b481d3c0b710,2/5/2023 17:59,17/5/2023 10:23am,Aurélie Favart,Aurélie Favart
36027,90e4c743-2661-48a2-ae06-dfc5efc8f3fd,CQP Opérateur en fabrication additive : poudre métallique ou polymères ou sables,,Certificat de Qualification Professionnelle (CQP),0ca9b437-2886-4bbf-9de1-4d0f1e011154,3,Métallurgie,3af3e807-9848-4e27-b71a-1fb210aac1ef,Métallurgie,4462f3ed-d605-4e08-bb87-b481d3c0b710,2/5/2023 17:59,17/5/2023 10:23am,Aurélie Favart,Aurélie Favart
36029,b801ac17-75d8-4854-8402-3c00d3d33332,CQP Opérateur en fabrication additive : résines thermodurcissables,,Certificat de Qualification Professionnelle (CQP),0ca9b437-2886-4bbf-9de1-4d0f1e011154,3,Métallurgie,3af3e807-9848-4e27-b71a-1fb210aac1ef,Métallurgie,4462f3ed-d605-4e08-bb87-b481d3c0b710,2/5/2023 17:59,17/5/2023 10:23am,Aurélie Favart,Aurélie Favart
36872,37dabca3-7d89-4175-9cf8-4364889f42c2,CQP Opérateur en forgeage à chaud,,Certificat de Qualification Professionnelle (CQP),0ca9b437-2886-4bbf-9de1-4d0f1e011154,3,Métallurgie,3af3e807-9848-4e27-b71a-1fb210aac1ef,Métallurgie,4462f3ed-d605-4e08-bb87-b481d3c0b710,2/5/2023 17:59,17/5/2023 10:23am,Aurélie Favart,Aurélie Favart
36376,276fe0c6-8f56-4219-879a-1fb176c55156,CQP Opérateur en maintenance industrielle,,Certificat de Qualification Professionnelle (CQP),0ca9b437-2886-4bbf-9de1-4d0f1e011154,3,Métallurgie,3af3e807-9848-4e27-b71a-1fb210aac1ef,Métallurgie,4462f3ed-d605-4e08-bb87-b481d3c0b710,2/5/2023 17:59,17/5/2023 10:23am,Aurélie Favart,Aurélie Favart
34301,b0e7a721-5d24-47b4-95d8-29b17a9e19f0,CQP Opérateur en tôlerie,,Certificat de Qualification Professionnelle (CQP),0ca9b437-2886-4bbf-9de1-4d0f1e011154,3,Métallurgie,3af3e807-9848-4e27-b71a-1fb210aac1ef,Métallurgie,4462f3ed-d605-4e08-bb87-b481d3c0b710,2/5/2023 17:59,17/5/2023 10:23am,Aurélie Favart,Aurélie Favart
36310,9dbfa19b-e155-410b-a22c-7f33777554ad,CQP Opérateur matériaux composites hautes performances,,Certificat de Qualification Professionnelle (CQP),0ca9b437-2886-4bbf-9de1-4d0f1e011154,3,Métallurgie,3af3e807-9848-4e27-b71a-1fb210aac1ef,Métallurgie,4462f3ed-d605-4e08-bb87-b481d3c0b710,2/5/2023 17:59,17/5/2023 10:23am,Aurélie Favart,Aurélie Favart
36283,651ccfb5-9d22-4472-8a7c-87ea424637a0,CQP Opérateur orthoprothésiste,,Certificat de Qualification Professionnelle (CQP),0ca9b437-2886-4bbf-9de1-4d0f1e011154,3,Métallurgie,3af3e807-9848-4e27-b71a-1fb210aac1ef,Métallurgie,4462f3ed-d605-4e08-bb87-b481d3c0b710,2/5/2023 17:59,17/5/2023 10:23am,Aurélie Favart,Aurélie Favart
36362,d27e8173-5837-4b9f-bbf0-8e86a343a373,CQP Opérateur sur machine de frappe à froid,,Certificat de Qualification Professionnelle (CQP),0ca9b437-2886-4bbf-9de1-4d0f1e011154,3,Métallurgie,3af3e807-9848-4e27-b71a-1fb210aac1ef,Métallurgie,4462f3ed-d605-4e08-bb87-b481d3c0b710,2/5/2023 17:59,17/5/2023 10:23am,Aurélie Favart,Aurélie Favart
34175,d4265850-6f8a-4a8f-9351-9b87967b8b36,CQP Opérateur-régleur sur machine-outil à commande numérique par enlèvement de matière,,Certificat de Qualification Professionnelle (CQP),0ca9b437-2886-4bbf-9de1-4d0f1e011154,3,Métallurgie,3af3e807-9848-4e27-b71a-1fb210aac1ef,Métallurgie,4462f3ed-d605-4e08-bb87-b481d3c0b710,2/5/2023 17:59,17/5/2023 10:23am,Aurélie Favart,Aurélie Favart
36979,1d04865a-5917-4d33-a3fc-69293f155373,CQP Peintre aéronautique et spatial,,Certificat de Qualification Professionnelle (CQP),0ca9b437-2886-4bbf-9de1-4d0f1e011154,3,Métallurgie,3af3e807-9848-4e27-b71a-1fb210aac1ef,Métallurgie,4462f3ed-d605-4e08-bb87-b481d3c0b710,2/5/2023 17:59,17/5/2023 10:23am,Aurélie Favart,Aurélie Favart
37136,4c5ae50a-36a8-4f8e-af49-215b4f20cf7b,CQP Peintre industriel,,Certificat de Qualification Professionnelle (CQP),0ca9b437-2886-4bbf-9de1-4d0f1e011154,3,Métallurgie,3af3e807-9848-4e27-b71a-1fb210aac1ef,Métallurgie,4462f3ed-d605-4e08-bb87-b481d3c0b710,2/5/2023 17:59,17/5/2023 10:23am,Aurélie Favart,Aurélie Favart
34174,0798e233-d7ca-4620-8f80-69358ff5c6e4,CQP Pilote de systèmes de production automatisée,,Certificat de Qualification Professionnelle (CQP),0ca9b437-2886-4bbf-9de1-4d0f1e011154,4,Métallurgie,3af3e807-9848-4e27-b71a-1fb210aac1ef,Métallurgie,4462f3ed-d605-4e08-bb87-b481d3c0b710,2/5/2023 17:59,17/5/2023 3:38pm,Aurélie Favart,Aurélie Favart
37330,fb0ef528-3e9d-4ca6-a49f-7ba438a389d0,CQP Pilote opérationnel de production,,Certificat de Qualification Professionnelle (CQP),0ca9b437-2886-4bbf-9de1-4d0f1e011154,4,Métallurgie,3af3e807-9848-4e27-b71a-1fb210aac1ef,Métallurgie,4462f3ed-d605-4e08-bb87-b481d3c0b710,2/5/2023 17:59,17/5/2023 10:23am,Aurélie Favart,Aurélie Favart
36473,08f8fdfa-fb5b-47d1-b30e-fd457a0c9d96,CQP Préparateur méthodes de fabrication,,Certificat de Qualification Professionnelle (CQP),0ca9b437-2886-4bbf-9de1-4d0f1e011154,5,Métallurgie,3af3e807-9848-4e27-b71a-1fb210aac1ef,Métallurgie,4462f3ed-d605-4e08-bb87-b481d3c0b710,2/5/2023 17:59,17/5/2023 10:23am,Aurélie Favart,Aurélie Favart
34236,d5a972ee-de70-4cf0-bf77-639c54c88257,CQP Préventeur santé-sécurité au travail et environnement,,Certificat de Qualification Professionnelle (CQP),0ca9b437-2886-4bbf-9de1-4d0f1e011154,5,Métallurgie,3af3e807-9848-4e27-b71a-1fb210aac1ef,Métallurgie,4462f3ed-d605-4e08-bb87-b481d3c0b710,2/5/2023 17:59,17/5/2023 10:23am,Aurélie Favart,Aurélie Favart
36303,80d7cfff-f52d-49bf-9218-f48935e30972,CQP Responsable d'équipe,,Certificat de Qualification Professionnelle (CQP),0ca9b437-2886-4bbf-9de1-4d0f1e011154,5,Métallurgie,3af3e807-9848-4e27-b71a-1fb210aac1ef,Métallurgie,4462f3ed-d605-4e08-bb87-b481d3c0b710,2/5/2023 17:59,17/5/2023 10:23am,Aurélie Favart,Aurélie Favart
37138,b528cb34-490d-49a8-bd49-162b3c518c98,CQP Responsable de secteur d'activités industrielles,,Certificat de Qualification Professionnelle (CQP),0ca9b437-2886-4bbf-9de1-4d0f1e011154,6,Métallurgie,3af3e807-9848-4e27-b71a-1fb210aac1ef,Métallurgie,4462f3ed-d605-4e08-bb87-b481d3c0b710,2/5/2023 17:59,17/5/2023 10:23am,Aurélie Favart,Aurélie Favart
36019,0c8d5943-4ec3-4b8b-98fe-c451b5046dd7,CQP Retoucheur tôle nue sur ligne de fabrication de véhicules,,Certificat de Qualification Professionnelle (CQP),0ca9b437-2886-4bbf-9de1-4d0f1e011154,3,Métallurgie,3af3e807-9848-4e27-b71a-1fb210aac1ef,Métallurgie,4462f3ed-d605-4e08-bb87-b481d3c0b710,2/5/2023 17:59,17/5/2023 10:23am,Aurélie Favart,Aurélie Favart
34172,fb0945b3-2bf0-457d-93c8-d9111404d7e9,CQP Soudeur industriel,,Certificat de Qualification Professionnelle (CQP),0ca9b437-2886-4bbf-9de1-4d0f1e011154,3,Métallurgie,3af3e807-9848-4e27-b71a-1fb210aac1ef,Métallurgie,4462f3ed-d605-4e08-bb87-b481d3c0b710,2/5/2023 17:59,17/5/2023 10:23am,Aurélie Favart,Aurélie Favart
34177,06ff29df-f235-4e83-87e4-eb1e93aa1ef6,CQP Technicien de la qualité,,Certificat de Qualification Professionnelle (CQP),0ca9b437-2886-4bbf-9de1-4d0f1e011154,5,Métallurgie,3af3e807-9848-4e27-b71a-1fb210aac1ef,Métallurgie,4462f3ed-d605-4e08-bb87-b481d3c0b710,2/5/2023 17:59,17/5/2023 10:23am,Aurélie Favart,Aurélie Favart
36138,6e1c39f2-ee63-414f-acb3-c2c44c6ef1e0,CQP Technicien de maintenance d'appareils de chauffage au gaz,,Certificat de Qualification Professionnelle (CQP),0ca9b437-2886-4bbf-9de1-4d0f1e011154,4,Métallurgie,3af3e807-9848-4e27-b71a-1fb210aac1ef,Métallurgie,4462f3ed-d605-4e08-bb87-b481d3c0b710,2/5/2023 17:59,17/5/2023 10:23am,Aurélie Favart,Aurélie Favart
36302,e070a519-f5b9-4b5d-80d5-29c9db5d5384,CQP Technicien de maintenance de matériels de manutention / levage,,Certificat de Qualification Professionnelle (CQP),0ca9b437-2886-4bbf-9de1-4d0f1e011154,4,Métallurgie,3af3e807-9848-4e27-b71a-1fb210aac1ef,Métallurgie,4462f3ed-d605-4e08-bb87-b481d3c0b710,2/5/2023 17:59,17/5/2023 10:23am,Aurélie Favart,Aurélie Favart
35331,cc2cfe76-1a25-45ee-901a-24163a6f12ac,CQP Technicien de maintenance en hydraulique,,Certificat de Qualification Professionnelle (CQP),0ca9b437-2886-4bbf-9de1-4d0f1e011154,4,Métallurgie,3af3e807-9848-4e27-b71a-1fb210aac1ef,Métallurgie,4462f3ed-d605-4e08-bb87-b481d3c0b710,2/5/2023 17:59,17/5/2023 10:23am,Aurélie Favart,Aurélie Favart
36198,a857cde6-5cb1-4594-9ba2-603a6e5f4143,CQP Technicien de maintenance et installation de pompe à chaleur et de climatiseur (PAC-CLIM),,Certificat de Qualification Professionnelle (CQP),0ca9b437-2886-4bbf-9de1-4d0f1e011154,4,Métallurgie,3af3e807-9848-4e27-b71a-1fb210aac1ef,Métallurgie,4462f3ed-d605-4e08-bb87-b481d3c0b710,2/5/2023 17:59,17/5/2023 10:23am,Aurélie Favart,Aurélie Favart
36923,1504d576-82e5-449d-9597-1350fbdbfa50,CQP Technicien de service maintenance en ascenseurs,,Certificat de Qualification Professionnelle (CQP),0ca9b437-2886-4bbf-9de1-4d0f1e011154,4,Métallurgie,3af3e807-9848-4e27-b71a-1fb210aac1ef,Métallurgie,4462f3ed-d605-4e08-bb87-b481d3c0b710,2/5/2023 17:59,17/5/2023 10:23am,Aurélie Favart,Aurélie Favart
34575,3137a34b-1feb-401b-bc78-3c1a1992cf94,CQP Technicien en industrialisation et en amélioration des procédés,,Certificat de Qualification Professionnelle (CQP),0ca9b437-2886-4bbf-9de1-4d0f1e011154,5,Métallurgie,3af3e807-9848-4e27-b71a-1fb210aac1ef,Métallurgie,4462f3ed-d605-4e08-bb87-b481d3c0b710,2/5/2023 17:59,17/5/2023 10:23am,Aurélie Favart,Aurélie Favart
36280,0cc30e1b-865b-4901-9d0b-3fea40a8ebc8,CQP Technicien en maintenance de systèmes oléohydrauliques,,Certificat de Qualification Professionnelle (CQP),0ca9b437-2886-4bbf-9de1-4d0f1e011154,5,Métallurgie,3af3e807-9848-4e27-b71a-1fb210aac1ef,Métallurgie,4462f3ed-d605-4e08-bb87-b481d3c0b710,2/5/2023 17:59,17/5/2023 10:23am,Aurélie Favart,Aurélie Favart
35282,32d7de30-5f9b-4405-936e-477db3d1feff,CQP Technicien en maintenance industrielle,,Certificat de Qualification Professionnelle (CQP),0ca9b437-2886-4bbf-9de1-4d0f1e011154,4,Métallurgie,3af3e807-9848-4e27-b71a-1fb210aac1ef,Métallurgie,4462f3ed-d605-4e08-bb87-b481d3c0b710,2/5/2023 17:59,17/5/2023 10:23am,Aurélie Favart,Aurélie Favart
36870,eab6d995-2276-4937-be40-d4127ec40a06,CQP Technicien polyvalent en chaudronnerie,,Certificat de Qualification Professionnelle (CQP),0ca9b437-2886-4bbf-9de1-4d0f1e011154,4,Métallurgie,3af3e807-9848-4e27-b71a-1fb210aac1ef,Métallurgie,4462f3ed-d605-4e08-bb87-b481d3c0b710,2/5/2023 17:59,17/5/2023 10:23am,Aurélie Favart,Aurélie Favart
37329,dc31049f-ac88-44eb-aac0-d895f95b862b,CQP Technicien supérieur en automatisme et interfaces associées,,Certificat de Qualification Professionnelle (CQP),0ca9b437-2886-4bbf-9de1-4d0f1e011154,5,Métallurgie,3af3e807-9848-4e27-b71a-1fb210aac1ef,Métallurgie,4462f3ed-d605-4e08-bb87-b481d3c0b710,2/5/2023 17:59,17/5/2023 10:23am,Aurélie Favart,Aurélie Favart
37049,df5a20db-c84a-45ca-841a-ded468cda667,CQP Technicien supérieur en machines tournantes sous pression,,Certificat de Qualification Professionnelle (CQP),0ca9b437-2886-4bbf-9de1-4d0f1e011154,5,Métallurgie,3af3e807-9848-4e27-b71a-1fb210aac1ef,Métallurgie,4462f3ed-d605-4e08-bb87-b481d3c0b710,2/5/2023 17:59,17/5/2023 10:23am,Aurélie Favart,Aurélie Favart
34472,de3c9193-21ea-420c-a320-b599da95a4b2,CQP Technico commercial industriel,,Certificat de Qualification Professionnelle (CQP),0ca9b437-2886-4bbf-9de1-4d0f1e011154,5,Métallurgie,3af3e807-9848-4e27-b71a-1fb210aac1ef,Métallurgie,4462f3ed-d605-4e08-bb87-b481d3c0b710,2/5/2023 17:59,17/5/2023 10:23am,Aurélie Favart,Aurélie Favart
34180,c4b4c659-31b3-4cc4-a660-6bece954ebf1,CQP Tuyauteur industriel,,Certificat de Qualification Professionnelle (CQP),0ca9b437-2886-4bbf-9de1-4d0f1e011154,3,Métallurgie,3af3e807-9848-4e27-b71a-1fb210aac1ef,Métallurgie,4462f3ed-d605-4e08-bb87-b481d3c0b710,2/5/2023 17:59,17/5/2023 10:23am,Aurélie Favart,Aurélie Favart
37410,49a2bdd4-9eba-4fdb-9f6e-3c222652952a,CQP Vendeur en fournitures industrielles ,,Certificat de Qualification Professionnelle (CQP),0ca9b437-2886-4bbf-9de1-4d0f1e011154,4,Métallurgie,3af3e807-9848-4e27-b71a-1fb210aac1ef,Métallurgie,4462f3ed-d605-4e08-bb87-b481d3c0b710,2/5/2023 17:59,17/5/2023 10:23am,Aurélie Favart,Aurélie Favart
36004,bb2e7187-476e-478d-ab77-c38a0cd6ae83,Diplôme d'Etat Accompagnant éducatif et social - DEAES,,Diplôme d'Etat (DE),7aca63e3-9632-4e58-b462-e64a282a2896,4,,,Social,43062959-9315-4c1b-82b6-fdb9af494b0c,10/5/2023 09:32,18/5/2023 11:32am,Aurélie Favart,Vincent Tournebise
35830,b8499961-4e6a-4ca2-a3f0-061e087d926b,Diplôme d'Etat Aide soignant - DEAS,,Diplôme d'Etat (DE),7aca63e3-9632-4e58-b462-e64a282a2896,4,,,Santé,b4e5cde7-4e2e-46bb-bbee-b3b92f8b6e3b,10/5/2023 09:32,18/5/2023 11:30am,Aurélie Favart,Vincent Tournebise
35832,9b3997dd-b7f1-4294-9452-7b133b8d40b5,Diplôme d'Etat Auxiliaire de puériculture - DEAP,,Diplôme d'Etat (DE),7aca63e3-9632-4e58-b462-e64a282a2896,4,,,Santé,b4e5cde7-4e2e-46bb-bbee-b3b92f8b6e3b,10/5/2023 09:32,18/5/2023 11:25am,Aurélie Favart,Vincent Tournebise
34826,0236bf82-e85d-4e88-927a-c93bb6c44efb,Diplôme d'Etat Conseiller en économie sociale et familiale - DEESF,,Diplôme d'Etat (DE),7aca63e3-9632-4e58-b462-e64a282a2896,6,,,Social,43062959-9315-4c1b-82b6-fdb9af494b0c,10/5/2023 09:32,12/5/2023 2:02pm,Aurélie Favart,Vincent Tournebise
36831,0b8bed9e-f889-4d16-900c-4def101695ea,"Diplôme d'Etat de la Jeunesse, de l'Education Populaire et du Sport spécialité perfectionnement sportif, mention rugby à XV - DEJEPS",,Diplôme d'Etat (DE),7aca63e3-9632-4e58-b462-e64a282a2896,5,,,Sport,24ebe074-78fc-41c7-8b56-fec2446e6253,10/5/2023 09:32,15/5/2023 2:15pm,Aurélie Favart,Aurélie Favart
34827,d4fc174f-1db7-4a0c-9a51-41bd7bed4add,Diplôme d'Etat Educateur jeunes Enfants - DEEJE,,Diplôme d'Etat (DE),7aca63e3-9632-4e58-b462-e64a282a2896,6,,,Social,43062959-9315-4c1b-82b6-fdb9af494b0c,10/5/2023 09:32,12/5/2023 2:02pm,Aurélie Favart,Vincent Tournebise
34825,5da22914-3719-40cf-a7c4-d2988c20f2de,Diplôme d'Etat Educateur spécialisé - DEES,,Diplôme d'Etat (DE),7aca63e3-9632-4e58-b462-e64a282a2896,6,,,Social,43062959-9315-4c1b-82b6-fdb9af494b0c,10/5/2023 09:32,12/5/2023 2:02pm,Aurélie Favart,Vincent Tournebise
492,9b57f1ed-6dec-4e05-8dd2-38f4746e00d7,Diplôme d'Etat Moniteur éducateur - DEME,,Diplôme d'Etat (DE),7aca63e3-9632-4e58-b462-e64a282a2896,4,,,Social,43062959-9315-4c1b-82b6-fdb9af494b0c,10/5/2023 09:32,12/5/2023 2:02pm,Aurélie Favart,Vincent Tournebise
35904,29abeae2-90a0-4cef-a3a3-39e1d10191f9,"Diplôme d'Etat Supérieur de la Jeunesse, de l'Education Populaire et du Sport spécialité performance sportive, mention football - DESJEPS",,Diplôme d'Etat Supérieur (DES),d2554e09-3edd-4bfe-81db-fb59a5c5efb7,6,,,Sport,24ebe074-78fc-41c7-8b56-fec2446e6253,10/5/2023 09:32,12/5/2023 2:02pm,Aurélie Favart,Vincent Tournebise
4503,4c6a804c-a0c6-461b-a00a-6cc13e19a315,Diplôme d'Etat Technicien de l'intervention sociale et familiale - DETISF,,Diplôme d'Etat (DE),7aca63e3-9632-4e58-b462-e64a282a2896,4,,,Social,43062959-9315-4c1b-82b6-fdb9af494b0c,10/5/2023 09:32,18/5/2023 11:32am,Aurélie Favart,Vincent Tournebise
34692,39df14b2-b6b4-4951-9795-e5a2dec26340,Titre à finalité professionnelle  Employé familial - EF,,Titre à Finalité Professionnelle,79864782-df4e-4310-9f51-c0ac0f7d0175,3,Particuliers employeurs et emploi à domicile,d144e1b9-25e9-43b6-881e-af1d22f44e99,Social,43062959-9315-4c1b-82b6-fdb9af494b0c,10/5/2023 09:32,18/5/2023 11:34am,Aurélie Favart,Vincent Tournebise
37235,3724cce0-c9e5-441e-9935-2c419c925796,Mention Complémentaire (MC) post Bac - Technicien en réseaux électriques,,Mention Complémentaire (MC),592e34d4-b9e8-4aa1-8bf5-73e77200593f,4,,,Métallurgie,4462f3ed-d605-4e08-bb87-b481d3c0b710,2/5/2023 17:59,12/5/2023 2:02pm,Aurélie Favart,Vincent Tournebise
24919,efa1d38a-6db0-4d55-97fd-d72bc71eafd3,Mention Complémentaire (MC) post Bac - Technicien en soudage,,Mention Complémentaire (MC),592e34d4-b9e8-4aa1-8bf5-73e77200593f,4,,,Métallurgie,4462f3ed-d605-4e08-bb87-b481d3c0b710,2/5/2023 17:59,12/5/2023 2:02pm,Aurélie Favart,Vincent Tournebise
27473,a54c0e4b-06af-4862-adfe-24c6f950a03b,Mention Complémentaire (MC) post Bac - Technicien en tuyauterie ,,Mention Complémentaire (MC),592e34d4-b9e8-4aa1-8bf5-73e77200593f,4,,,Métallurgie,4462f3ed-d605-4e08-bb87-b481d3c0b710,2/5/2023 17:59,12/5/2023 2:02pm,Aurélie Favart,Vincent Tournebise
37313,06e86d9e-83c4-4670-b051-e1b99e91b7e2,Mention Complémentaire (MC) post CAP - Boulangerie spécialisée,,Mention Complémentaire (MC),592e34d4-b9e8-4aa1-8bf5-73e77200593f,3,,,Grande distribution,24a5eeaa-82af-46f6-ad03-b5a6c5babf14,19/4/2023 11:42,12/5/2023 2:02pm,Cédric Soulas,Vincent Tournebise
958,f6eb389c-ca03-4e3d-ba9e-eb63dbb23357,Mention Complémentaire (MC) post CAP - Employé traiteur,,Mention Complémentaire (MC),592e34d4-b9e8-4aa1-8bf5-73e77200593f,3,,,Grande distribution,24a5eeaa-82af-46f6-ad03-b5a6c5babf14,19/4/2023 11:42,12/5/2023 2:03pm,Cédric Soulas,Vincent Tournebise
37315,1983487c-2efc-4c0e-b1ea-b49363919d97,Mention Complémentaire (MC) post CAP - Pâtissier boulanger,,Mention Complémentaire (MC),592e34d4-b9e8-4aa1-8bf5-73e77200593f,3,,,Grande distribution,24a5eeaa-82af-46f6-ad03-b5a6c5babf14,19/4/2023 11:42,12/5/2023 2:03pm,Cédric Soulas,Vincent Tournebise
37105,59c613e3-9f83-44c2-a9b6-10825cdad3aa,Mention Complémentaire (MC) post CAP - Vendeur spécialisé en alimentation,,Mention Complémentaire (MC),592e34d4-b9e8-4aa1-8bf5-73e77200593f,3,,,Grande distribution,24a5eeaa-82af-46f6-ad03-b5a6c5babf14,19/4/2023 11:42,12/5/2023 2:03pm,Cédric Soulas,Vincent Tournebise
5983,464b1c80-2951-4174-b462-3400cd65fddb,Titre à finalité professionnellle Surveillant visiteur de nuit en secteur social et médico-social - SVNSSMS,,Titre à Finalité Professionnelle,79864782-df4e-4310-9f51-c0ac0f7d0175,3,Etablissements et services pour personnes inadaptées et handicapées,eb745027-d022-4cd2-b900-96f82d71e609,Social,43062959-9315-4c1b-82b6-fdb9af494b0c,10/5/2023 09:32,18/5/2023 11:33am,Aurélie Favart,Vincent Tournebise
35937,2ac372ad-2a21-4b1d-8f2d-10e447813325,Titre professionnel Agent de fabrication en chaudronnerie - AFMC ,,Titre Professionnel (TP),47044c6b-b48f-4eb9-9820-e952c092685d,3,,,Métallurgie,4462f3ed-d605-4e08-bb87-b481d3c0b710,2/5/2023 17:59,12/5/2023 2:03pm,Aurélie Favart,Vincent Tournebise
202,6df89508-fe8f-4ffd-91cd-a1892cec4676,Titre professionnel Agent de fabrication industrielle - AFI,,Titre Professionnel (TP),47044c6b-b48f-4eb9-9820-e952c092685d,3,,,Métallurgie,4462f3ed-d605-4e08-bb87-b481d3c0b710,2/5/2023 17:59,12/5/2023 2:03pm,Aurélie Favart,Vincent Tournebise
35028,c64f7ebb-7c15-43d6-93fc-b337eb0b1ffd,Titre professionnel Agent de service médico-social - ASMS,,Titre Professionnel (TP),47044c6b-b48f-4eb9-9820-e952c092685d,3,,,Social,43062959-9315-4c1b-82b6-fdb9af494b0c,10/5/2023 09:32,18/5/2023 11:33am,Aurélie Favart,Vincent Tournebise
1852,59c0c9b8-353a-425e-9950-f61f2b0e0ae3,Titre professionnel Agent magasinier - AM,,Titre Professionnel (TP),47044c6b-b48f-4eb9-9820-e952c092685d,3,,,Métiers Transverses,f69101d2-2824-4093-9ac0-8f8631e5010a,10/5/2023 09:32,12/5/2023 2:03pm,Aurélie Favart,Vincent Tournebise
35506,d37cf5c1-da1a-420f-b624-2b9cf4b54712,Titre professionnel Assistant de vie aux familles - ADVF,,Titre Professionnel (TP),47044c6b-b48f-4eb9-9820-e952c092685d,3,,,Social,43062959-9315-4c1b-82b6-fdb9af494b0c,10/5/2023 09:32,18/5/2023 11:32am,Aurélie Favart,Vincent Tournebise
35233,7016b741-b611-4603-9a12-693638f13b0d,Titre professionnel Assistant manager d'unité marchande - AMUM,,Titre Professionnel (TP),47044c6b-b48f-4eb9-9820-e952c092685d,4,,,Métiers Transverses,f69101d2-2824-4093-9ac0-8f8631e5010a,10/5/2023 09:32,12/5/2023 2:04pm,Aurélie Favart,Vincent Tournebise
34857,032036b5-528e-4d06-bbe0-a7d180602bc1,Titre professionnel Cariste d'entrepôt - CE ,,Titre Professionnel (TP),47044c6b-b48f-4eb9-9820-e952c092685d,3,,,Métiers Transverses,f69101d2-2824-4093-9ac0-8f8631e5010a,10/5/2023 09:32,12/5/2023 2:04pm,Aurélie Favart,Vincent Tournebise
34858,e72abf9e-e7e4-4c97-9337-ba45078a10c4,Titre professionnel Chaudronnier,,Titre Professionnel (TP),47044c6b-b48f-4eb9-9820-e952c092685d,4,,,Métallurgie,4462f3ed-d605-4e08-bb87-b481d3c0b710,10/5/2023 09:32,12/5/2023 2:04pm,Aurélie Favart,Vincent Tournebise
34135,951c6243-6079-41b0-b561-07eddf15e223,Titre professionnel Chaudronnier formeur aéronautique - CFA,,Titre Professionnel (TP),47044c6b-b48f-4eb9-9820-e952c092685d,3,,,Métallurgie,4462f3ed-d605-4e08-bb87-b481d3c0b710,2/5/2023 17:59,12/5/2023 2:04pm,Aurélie Favart,Vincent Tournebise
37121,9e2073e9-41ed-44a0-8dd2-c215437e29ee,Titre professionnel Comptable assistant - CA,,Titre Professionnel (TP),47044c6b-b48f-4eb9-9820-e952c092685d,4,,,Métiers Transverses,f69101d2-2824-4093-9ac0-8f8631e5010a,10/5/2023 09:32,12/5/2023 2:05pm,Aurélie Favart,Vincent Tournebise
184,a7cf4381-a36c-47e4-9968-74f98c79fbf0,Titre professionnel Conducteur d'installation et de machines automatisées - CIMA,,Titre Professionnel (TP),47044c6b-b48f-4eb9-9820-e952c092685d,3,,,Métallurgie,4462f3ed-d605-4e08-bb87-b481d3c0b710,2/5/2023 17:59,12/5/2023 2:05pm,Aurélie Favart,Vincent Tournebise
31005,2bfa316b-5bd2-48f9-9062-afb066bb9e56,Titre professionnel Conseiller commercial - CC,,Titre Professionnel (TP),47044c6b-b48f-4eb9-9820-e952c092685d,4,,,Métiers Transverses,f69101d2-2824-4093-9ac0-8f8631e5010a,10/5/2023 09:32,12/5/2023 2:05pm,Aurélie Favart,Vincent Tournebise
37098,b41e5179-ca2c-4d6b-a1ad-de4be14231ab,Titre professionnel Conseiller de vente - CV ,,Titre Professionnel (TP),47044c6b-b48f-4eb9-9820-e952c092685d,4,,,Grande distribution,24a5eeaa-82af-46f6-ad03-b5a6c5babf14,19/4/2023 11:42,12/5/2023 2:05pm,Cédric Soulas,Vincent Tournebise
37274,37c0d786-3a75-40a9-b5a8-bed5d8053888,Titre professionnel Conseiller en insertion professionnelle  - CIP ,,Titre Professionnel (TP),47044c6b-b48f-4eb9-9820-e952c092685d,5,,,Social,43062959-9315-4c1b-82b6-fdb9af494b0c,10/5/2023 09:32,12/5/2023 2:05pm,Aurélie Favart,Vincent Tournebise
37099,e4e18b1b-d87b-4aa3-9cd9-5105a35154f7,Titre professionnel Employé commercial - EC ,,Titre Professionnel (TP),47044c6b-b48f-4eb9-9820-e952c092685d,3,,,Métiers Transverses,f69101d2-2824-4093-9ac0-8f8631e5010a,10/5/2023 09:32,12/5/2023 2:05pm,Aurélie Favart,Vincent Tournebise
35992,6162e26d-3d38-461b-9fb4-651d18d91879,Titre professionnel Employé technicien vendeur en matériel de sport - ETVMS,,Titre Professionnel (TP),47044c6b-b48f-4eb9-9820-e952c092685d,3,,,Grande distribution,24a5eeaa-82af-46f6-ad03-b5a6c5babf14,19/4/2023 11:42,12/5/2023 2:05pm,Cédric Soulas,Vincent Tournebise
32299,c8cabd20-ae92-4faa-ab9f-6d8a8e73f4b3,Titre professionnel Fraiseur sur machines conventionnelles et à commande numérique - FMCCN,,Titre Professionnel (TP),47044c6b-b48f-4eb9-9820-e952c092685d,4,,,Métallurgie,4462f3ed-d605-4e08-bb87-b481d3c0b710,10/5/2023 09:32,12/5/2023 2:05pm,Aurélie Favart,Vincent Tournebise
31677,93e70c5c-28d8-46c4-a76e-b616df76e4d6,Titre professionnel Gestionnaire comptable et fiscal - GCF,,Titre Professionnel (TP),47044c6b-b48f-4eb9-9820-e952c092685d,5,,,Métiers Transverses,f69101d2-2824-4093-9ac0-8f8631e5010a,10/5/2023 09:32,12/5/2023 2:06pm,Aurélie Favart,Vincent Tournebise
32291,9277b972-59cf-409e-82a4-d630885e8a29,Titre professionnel Manager des unités marchandes - MUM ,,Titre Professionnel (TP),47044c6b-b48f-4eb9-9820-e952c092685d,5,,,Métiers Transverses,f69101d2-2824-4093-9ac0-8f8631e5010a,10/5/2023 09:32,12/5/2023 2:06pm,Aurélie Favart,Vincent Tournebise
34079,84606408-f234-4a66-b2ab-56e18809808e,Titre professionnel Négociateur technico commercial - NTC,,Titre Professionnel (TP),47044c6b-b48f-4eb9-9820-e952c092685d,5,,,Métiers Transverses,f69101d2-2824-4093-9ac0-8f8631e5010a,10/5/2023 09:32,12/5/2023 2:06pm,Aurélie Favart,Vincent Tournebise
34860,2607d00a-e679-491e-9b5b-ce12da1fc5b0,Titre professionnel Préparateur de commande en entrepôt - PCE,,Titre Professionnel (TP),47044c6b-b48f-4eb9-9820-e952c092685d,3,,,Métiers Transverses,f69101d2-2824-4093-9ac0-8f8631e5010a,10/5/2023 09:32,12/5/2023 2:06pm,Aurélie Favart,Vincent Tournebise
35993,eebee2d3-2696-47f9-840e-859ff5fc324b,Titre professionnel Responsable coordonnateur service à domicile - RCSD,,Titre Professionnel (TP),47044c6b-b48f-4eb9-9820-e952c092685d,5,,,Social,43062959-9315-4c1b-82b6-fdb9af494b0c,10/5/2023 09:32,18/5/2023 11:32am,Aurélie Favart,Vincent Tournebise
35646,f08b7896-763f-4da1-9a37-5ae5a184a530,Titre professionnel Responsable de petite et moyenne structure - RPMS ,,Titre Professionnel (TP),47044c6b-b48f-4eb9-9820-e952c092685d,5,,,Métiers Transverses,f69101d2-2824-4093-9ac0-8f8631e5010a,10/5/2023 09:32,12/5/2023 2:06pm,Aurélie Favart,Vincent Tournebise
36805,610b6e86-9435-4781-abda-4cad3a746f32,Titre professionnel Secrétaire assistant médico social - SAMS,,Titre Professionnel (TP),47044c6b-b48f-4eb9-9820-e952c092685d,4,,,Social,43062959-9315-4c1b-82b6-fdb9af494b0c,10/5/2023 09:32,12/5/2023 2:06pm,Aurélie Favart,Vincent Tournebise
1864,1360ec4a-711f-4096-9ffd-cd79b5034459,Titre professionnel Soudeur à l'arc,,Titre Professionnel (TP),47044c6b-b48f-4eb9-9820-e952c092685d,3,,,Métallurgie,4462f3ed-d605-4e08-bb87-b481d3c0b710,2/5/2023 17:59,12/5/2023 2:06pm,Aurélie Favart,Vincent Tournebise
35191,ac4c0ea6-6bcc-4e10-acde-0ab86632c16c,Titre professionnel Technicien de maintenance industrielle - TMI,,Titre Professionnel (TP),47044c6b-b48f-4eb9-9820-e952c092685d,4,,,Métallurgie,4462f3ed-d605-4e08-bb87-b481d3c0b710,10/5/2023 09:32,12/5/2023 2:06pm,Aurélie Favart,Vincent Tournebise
34146,24ebe906-869a-4a63-8db9-1e7e31b1047a,Titre professionnel Technicien de production industrielle - TPI,,Titre Professionnel (TP),47044c6b-b48f-4eb9-9820-e952c092685d,4,,,Métallurgie,4462f3ed-d605-4e08-bb87-b481d3c0b710,2/5/2023 17:59,12/5/2023 2:06pm,Aurélie Favart,Vincent Tournebise
35182,e335058a-7ba0-4eef-9225-b4d07e1f2268,Titre professionnel Technicien en usinage assisté par ordinateur - TUAO,,Titre Professionnel (TP),47044c6b-b48f-4eb9-9820-e952c092685d,4,,,Métallurgie,4462f3ed-d605-4e08-bb87-b481d3c0b710,10/5/2023 09:32,12/5/2023 2:06pm,Aurélie Favart,Vincent Tournebise
36317,f7cd7a26-663b-4c1e-973f-2acc1977a93b,Titre professionnel Technicien supérieur de contrôle non destructif - TSCND,,Titre Professionnel (TP),47044c6b-b48f-4eb9-9820-e952c092685d,5,,,Métallurgie,4462f3ed-d605-4e08-bb87-b481d3c0b710,10/5/2023 09:32,12/5/2023 2:06pm,Aurélie Favart,Vincent Tournebise
37317,785abe49-d2ab-4717-af71-2c96f998b321,Titre professionnel Technicien supérieur en conception industrielle de systèmes mécaniques - TSCISM,,Titre Professionnel (TP),47044c6b-b48f-4eb9-9820-e952c092685d,5,,,Métallurgie,4462f3ed-d605-4e08-bb87-b481d3c0b710,10/5/2023 09:32,12/5/2023 2:07pm,Aurélie Favart,Vincent Tournebise
37277,132c5fa7-dd11-430e-a1fb-99d8373689f2,Titre professionnel Technicien supérieur en méthodes et exploitation logistique - TSMEL ,,Titre Professionnel (TP),47044c6b-b48f-4eb9-9820-e952c092685d,5,,,Métiers Transverses,f69101d2-2824-4093-9ac0-8f8631e5010a,10/5/2023 09:32,12/5/2023 2:07pm,Aurélie Favart,Vincent Tournebise
36236,39ecfbae-14bd-43bd-b01b-ec94a41ca0f9,Titre professionnel Tourneur,,Titre Professionnel (TP),47044c6b-b48f-4eb9-9820-e952c092685d,3,,,Métallurgie,4462f3ed-d605-4e08-bb87-b481d3c0b710,2/5/2023 17:59,12/5/2023 2:07pm,Aurélie Favart,Vincent Tournebise
34612,2ebd553f-e49e-4a87-9c83-84b5dad746a1,Titre professionnel Tuyauteur industriel,,Titre Professionnel (TP),47044c6b-b48f-4eb9-9820-e952c092685d,3,,,Métallurgie,4462f3ed-d605-4e08-bb87-b481d3c0b710,2/5/2023 17:59,12/5/2023 2:07pm,Aurélie Favart,Vincent Tournebise